246,0,1A
247,0,9M0
247,0,BM9S
247,0,BN9S
247,0,BO9S
247,0,BP9S
247,0,BQ9S
247,0,BU9S
247,0,BV9S
247,0,BW9S
247,0,BX9S
260,0,3A
4,0,3B6
4,0,3B7
165,0,3B8
207,0,3B9
49,0,3C
195,0,3C0
176,0,3D2
489,1,3D2CCC
460,1,3D2RI
468,0,3DA
474,0,3V
474,0,TS
293,0,3W
293,0,XV
107,0,3X
24,1,3Y0J
199,1,3Y0X
18,0,4J
18,0,4K
75,0,4L
514,0,4O
315,0,4P
315,0,4Q
315,0,4R
315,0,4S
117,1,4U0ITU
117,1,4U1ITU
117,1,4U1WRC
289,1,4U1UN
511,0,4W
336,0,4X
336,0,4Z
436,0,5A
215,0,5B
215,0,C4
215,0,H2
215,0,P3
470,0,5H
470,0,5I
450,0,5N
450,0,5O
438,0,5R
438,0,5S
438,0,6X
444,0,5T
187,0,5U
483,0,5V
190,0,5W
286,0,5X
430,0,5Y
430,0,5Z
456,0,6V
456,0,6W
82,0,6Y
492,0,7O
432,0,7P
440,0,7Q
400,0,7R
400,0,7T
400,0,7U
400,0,7V
400,0,7W
400,0,7X
400,0,7Y
62,0,8P
159,0,8Q
129,0,8R
497,0,9A
424,0,9G
257,0,9H
482,0,9I
482,0,9J
348,0,9K
348,0,NLD
458,0,9L
299,0,9M
299,0,9W
46,0,9M6
46,0,9M8
46,0,9W6
46,0,9W8
46,1,9M4CHQ
369,0,9N
414,0,9O
414,0,9P
414,0,9Q
414,0,9R
414,0,9S
414,0,9T
404,0,9U
381,0,9V
381,0,S6
454,0,9X
90,0,9Y
90,0,9Z
402,0,8O
402,0,A2
160,0,A3
370,0,A4
306,0,A5
391,0,A6
376,0,A7
304,0,A9
372,0,6P
372,0,6Q
372,0,6R
372,0,6S
372,0,AP
372,0,AQ
372,0,AR
372,0,AS
506,1,BS7H
386,0,BM
386,0,BN
386,0,BO
386,0,BP
386,0,BQ
386,0,BU
386,0,BV
386,0,BW
386,0,BX
505,0,BM9P
505,0,BN9P
505,0,BO9P
505,0,BP9P
505,0,BQ9P
505,0,BU9P
505,0,BV9P
505,0,BW9P
505,0,BX9P
318,0,3H
318,0,3I
318,0,3J
318,0,3K
318,0,3L
318,0,3M
318,0,3N
318,0,3O
318,0,3P
318,0,3Q
318,0,3R
318,0,3S
318,0,3T
318,0,3U
318,0,B0
318,0,B2
318,0,B3
318,0,B4
318,0,B5
318,0,B6
318,0,B7
318,0,B8
318,0,B9
318,0,BA
318,0,BD
318,0,BG
318,0,BH
318,0,BI
318,0,BJ
318,0,BL
318,0,BT
318,0,BY
318,0,BZ
318,0,XS
318,0,B1
318,1,BA4DL/0
318,1,BG0IO/4
157,0,C2
203,0,C3
422,0,C5
60,0,C6
181,0,C8
181,0,C9
112,0,3G
112,0,CA
112,0,CB
112,0,CC
112,0,CD
112,0,CE
112,0,XQ
112,0,XR
112,1,XR9N
217,0,3G0X
217,0,CA0X
217,0,CB0X
217,0,CC0X
217,0,CD0X
217,0,CE0X
217,0,XQ0X
217,0,XR0X
47,0,3G0
47,0,CA0
47,0,CB0
47,0,CC0
47,0,CD0
47,0,CE0
47,0,XQ0
47,0,XR0
125,0,3G0Z
125,0,CA0Z
125,0,CB0Z
125,0,CC0Z
125,0,CD0Z
125,0,CE0I
125,0,CE0Z
125,0,XQ0Z
125,0,XR0Z
13,0,3Y
13,0,AX0
13,0,AY1Z
13,0,AY2Z
13,0,AY3Z
13,0,AY4Z
13,0,AY5Z
13,0,AY6Z
13,0,AY7Z
13,0,AY8Z
13,0,AY9Z
13,0,FT0Y
13,0,FT1Y
13,0,FT2Y
13,0,FT3Y
13,0,FT4Y
13,0,FT5Y
13,0,FT6Y
13,0,FT7Y
13,0,FT8Y
13,0,LU1Z
13,0,LU2Z
13,0,LU3Z
13,0,LU4Z
13,0,LU5Z
13,0,LU6Z
13,0,LU7Z
13,0,LU8Z
13,0,LU9Z
13,0,RI1AN
13,0,VI0
13,0,VK0
13,0,ZL5
13,0,ZM5
13,0,ZS7
13,1,8J1RL
13,1,AT44I
13,1,DP0GVN
13,1,DP1POL
13,1,KC4/KL5SE
13,1,KC4AAA
13,1,KC4USV
13,1,OJ1ABOA
13,1,WE9G/KC4
70,0,CL
70,0,CM
70,0,CO
70,0,T4
446,0,5C
446,0,5D
446,0,5E
446,0,5F
446,0,5G
446,0,CN
104,0,CP
272,0,CQ
272,0,CR
272,0,CS
272,0,CT
256,0,CQ2
256,0,CQ3
256,0,CQ9
256,0,CR3
256,0,CR9
256,0,CS3
256,0,CS9
256,0,CT3
256,0,CT9
149,0,CQ1
149,0,CQ8
149,0,CR1
149,0,CR2
149,0,CR8
149,0,CS4
149,0,CS8
149,0,CT8
149,0,CU
144,0,CV
144,0,CW
144,0,CX
211,0,CY0
252,0,CY9
401,0,D2
401,0,D3
409,0,D4
411,0,D6
230,0,DA
230,0,DB
230,0,DC
230,0,DD
230,0,DE
230,0,DF
230,0,DG
230,0,DH
230,0,DI
230,0,DJ
230,0,DK
230,0,DL
230,0,DM
230,0,DN
230,0,DO
230,0,DP
230,0,DQ
230,0,DR
230,0,Y2
230,0,Y3
230,0,Y4
230,0,Y5
230,0,Y6
230,0,Y7
230,0,Y8
230,0,Y9
375,0,4D
375,0,4E
375,0,4F
375,0,4G
375,0,4H
375,0,4I
375,0,DU
375,0,DV
375,0,DW
375,0,DX
375,0,DY
375,0,DZ
51,0,E3
510,0,E4
191,1,E51PT
191,1,E51WL
234,0,E5
188,0,E6
501,0,E7
281,0,AM
281,0,AN
281,0,AO
281,0,EA
281,0,EB
281,0,EC
281,0,ED
281,0,EE
281,0,EF
281,0,EG
281,0,EH
281,1,AM65KZ
281,1,AM800TUI
281,1,EA2EZ/P
281,1,EA5CC/P
281,1,EA5IKT/P
281,1,EA6XQ/P
281,1,EA8AAH
281,1,EA8JR
281,1,EA9ADD
281,1,EA9HU
281,1,EC5AHA/P
21,0,AM6
21,0,AN6
21,0,AO6
21,0,EA6
21,0,EB6
21,0,EC6
21,0,ED6
21,0,EE6
21,0,EF6
21,0,EG6
21,0,EH6
21,1,EA5IYX/P
29,0,AM8
29,0,AN8
29,0,AO8
29,0,EA8
29,0,EB8
29,0,EC8
29,0,ED8
29,0,EE8
29,0,EF8
29,0,EG8
29,0,EH8
29,1,EA8RM/P
32,0,AM9
32,0,AN9
32,0,AO9
32,0,EA9
32,0,EB9
32,0,EC9
32,0,ED9
32,0,EE9
32,0,EF9
32,0,EG9
32,0,EH9
245,0,EI
245,0,EJ
14,0,EK
434,0,5L
434,0,5M
434,0,6Z
434,0,A8
434,0,D5
434,0,EL
330,0,9B
330,0,9C
330,0,9D
330,0,EP
330,0,EQ
179,0,ER
52,0,ES
53,0,9E
53,0,9F
53,0,ET
27,0,EU
27,0,EV
27,0,EW
135,0,EX
262,0,EY
280,0,EZ
227,0,F
227,0,HW
227,0,HX
227,0,HY
227,0,TH
227,0,TM
227,0,TO
227,0,TP
227,0,TQ
227,0,TV
227,0,TX
79,0,FG
169,0,FH
516,0,FJ
162,0,FK
512,1,TX3X
84,0,FM
84,1,TO4A
84,1,TO5A
84,1,TO7A
175,0,FO
508,1,TX5EU
36,1,TX5S
509,1,FO5QS
277,0,FP
453,0,FR
453,1,TO7K
213,0,FS
213,1,TO5M
213,1,TO5T
99,0,FT0G
99,0,FT1G
99,0,FT2G
99,0,FT3G
99,0,FT4G
99,0,FT5G
99,0,FT6G
99,0,FT7G
99,0,FT8G
99,0,FT9G
124,0,FT0E
124,0,FT0J
124,0,FT1E
124,0,FT1J
124,0,FT2E
124,0,FT2J
124,0,FT3E
124,0,FT3J
124,0,FT4E
124,0,FT4J
124,0,FT6E
124,0,FT6J
124,0,FT7E
124,0,FT7J
124,0,FT8E
124,0,FT8J
124,0,FT9E
124,0,FT9J
276,0,FT0T
276,0,FT1T
276,0,FT2T
276,0,FT3T
276,0,FT4T
276,0,FT5T
276,0,FT6T
276,0,FT7T
276,0,FT8T
276,0,FT9T
41,0,FT0W
41,0,FT4W
41,0,FT5W
41,0,FT8W
131,0,FT0X
131,0,FT2X
131,0,FT4X
131,0,FT5X
131,0,FT8X
10,0,FT0Z
10,0,FT1Z
10,0,FT2Z
10,0,FT3Z
10,0,FT4Z
10,0,FT5Z
10,0,FT6Z
10,0,FT7Z
10,0,FT8Z
298,0,FW
298,0,TW
63,0,FY
63,1,TO1A
63,1,TO2FY
223,0,2E
223,0,G
223,0,M
114,0,2D
114,0,GD
114,0,GT
114,0,MD
114,0,MT
114,1,GB0WWA
265,0,2I
265,0,GI
265,0,GN
265,0,MI
265,0,MN
265,1,GB4SPD
265,1,GB8SJC
265,1,GB8WWA
265,1,M0KXR
122,0,2J
122,0,GH
122,0,GJ
122,0,MH
122,0,MJ
122,1,GB9WWA
279,0,2A
279,0,2M
279,0,GM
279,0,GS
279,0,MA
279,0,MM
279,0,MS
279,1,G1R
279,1,G1T
279,1,G4X
279,1,GB1DAA
279,1,GB2CM
279,1,GB2ELH
279,1,GB2JCM
279,1,GB2KW
279,1,GB3ANG
279,1,GB3LER
279,1,GB3LER/B
279,1,GB3RMK/B
279,1,GB4LER
279,1,GB4WWA
279,1,M3I
279,1,M7HPC
279,1,GB1DAA
279,1,GB2ELH
279,1,GB3LER
279,1,GB3LER/B
279,1,GB4LER
106,0,2U
106,0,GP
106,0,GU
106,0,MP
106,0,MU
106,1,GB1WWA
106,1,GB4RS
106,1,GB5CC
294,0,2W
294,0,GC
294,0,GW
294,0,MC
294,0,MW
294,1,GB0MPA
294,1,GB1MUU
294,1,GB2IMD
294,1,GB2MOP
294,1,GB2TD
294,1,GB2VK
294,1,GB4MDI
294,1,GB6WWA
294,1,M0KWG
185,0,H4
507,0,H40
239,0,HA
239,0,HG
287,0,HB
287,0,HE
251,0,HB0
251,0,HE0
120,0,HC
120,0,HD
120,1,HC8M/5
71,0,HC8
71,0,HD8
78,0,4V
78,0,HH
72,0,HI
116,0,5J
116,0,5K
116,0,HJ
116,0,HK
216,0,5J0
216,0,5K0
216,0,HJ0
216,0,HK0
216,1,HK4Q/0
161,0,HJ0M
161,0,HK0M
161,1,HK0TU
137,0,6K
137,0,6L
137,0,6M
137,0,6N
137,0,D7
137,0,D8
137,0,D9
137,0,DS
137,0,DT
137,0,HL
137,0,KL9K
88,0,3E
88,0,3F
88,0,H3
88,0,H8
88,0,H9
88,0,HO
88,0,HP
80,0,HQ
80,0,HR
387,0,E2
387,0,HS
295,0,HV
378,0,7Z
378,0,8Z
378,0,HZ
248,0,4U
248,0,I
248,1,I2DMK/RM
248,1,IA5KRO/4
248,1,IT9CLY/4
248,1,IT9ELM/0
225,0,IM0
225,0,IS0
225,0,IW0U
225,0,IW0V
225,0,IW0W
225,0,IW0X
225,0,IW0Y
225,0,IW0Z
225,1,II0D
225,1,II0ICH
225,1,II0IDP
225,1,II0M
225,1,IP0A
225,1,IP0Y
225,1,IQ0AAI
225,1,IQ0AG
225,1,IQ0AH
225,1,IQ0AI
225,1,IQ0AK
225,1,IQ0AL
225,1,IQ0AM
225,1,IQ0EH
225,1,IQ0HO
225,1,IQ0ID
225,1,IQ0NU
225,1,IQ0OG
225,1,IQ0PM
225,1,IQ0QP
225,1,IQ0SS
225,1,IR0A
225,1,IR0IDP
225,1,IR0RIVA
225,1,IR0WWA
225,1,IY0GA
382,0,J2
77,0,J3
109,0,J5
97,0,J6
95,0,J7
98,0,J8
339,0,7J
339,0,7K
339,0,7L
339,0,7M
339,0,7N
339,0,8J
339,0,8K
339,0,8L
339,0,8M
339,0,8N
339,0,JA
339,0,JE
339,0,JF
339,0,JG
339,0,JH
339,0,JI
339,0,JJ
339,0,JK
339,0,JL
339,0,JM
339,0,JN
339,0,JO
339,0,JP
339,0,JQ
339,0,JR
339,0,JS
177,1,JD1YAA
177,1,JD1YBJ
177,1,JG8NQJ/JD1
192,0,JD1
363,0,JT
363,0,JU
363,0,JV
259,0,JW
118,0,JX
342,0,JY
291,0,AA
291,0,AB
291,0,AC
291,0,AD
291,0,AE
291,0,AF
291,0,AG
291,0,AI
291,0,AJ
291,0,AK
291,0,K
291,0,N
291,0,W
291,1,4U1WB
291,1,AH0AB
291,1,AH0AJ
291,1,AH0AM
291,1,AH0AX
291,1,AH0BR
291,1,AH0BV
291,1,AH0BZ
291,1,AH0C
291,1,AH0CC
291,1,AH0CJ
291,1,AH0CX
291,1,AH0G
291,1,AH0O
291,1,AH0Q
291,1,AH0U
291,1,AH0W
291,1,AH2A
291,1,AH2AH
291,1,AH2AJ
291,1,AH2AK
291,1,AH2AP
291,1,AH2AQ
291,1,AH2AR
291,1,AH2AV
291,1,AH2AZ
291,1,AH2BY
291,1,AH2CF
291,1,AH2CG
291,1,AH2CZ
291,1,AH2DB
291,1,AH2DF
291,1,AH2DG
291,1,AH2DP
291,1,AH2DS
291,1,AH2DY
291,1,AH2EB
291,1,AH2EH
291,1,AH2EJ
291,1,AH2EK
291,1,AH2H
291,1,AH2O
291,1,AH2S
291,1,AH2T
291,1,AH2V
291,1,AH2W
291,1,AH2X
291,1,AH2Z
291,1,AH3D
291,1,AH6AF
291,1,AH6AL
291,1,AH6AO
291,1,AH6AR
291,1,AH6AT
291,1,AH6AU
291,1,AH6AX
291,1,AH6BJ
291,1,AH6BS
291,1,AH6BV
291,1,AH6C
291,1,AH6CY
291,1,AH6D
291,1,AH6DZ
291,1,AH6ES
291,1,AH6ET
291,1,AH6EZ
291,1,AH6EZ/9
291,1,AH6FV
291,1,AH6FY
291,1,AH6GA
291,1,AH6HE
291,1,AH6HK
291,1,AH6HR
291,1,AH6HS
291,1,AH6HT
291,1,AH6I
291,1,AH6IJ
291,1,AH6IW
291,1,AH6IX
291,1,AH6JH
291,1,AH6JS
291,1,AH6JZ
291,1,AH6KB
291,1,AH6KD
291,1,AH6KG
291,1,AH6KS
291,1,AH6KT
291,1,AH6LE
291,1,AH6LS
291,1,AH6MD
291,1,AH6ML
291,1,AH6MQ
291,1,AH6N
291,1,AH6NE
291,1,AH6NL
291,1,AH6NP
291,1,AH6NR
291,1,AH6O
291,1,AH6OD
291,1,AH6OM
291,1,AH6OS
291,1,AH6OU
291,1,AH6P
291,1,AH6PA
291,1,AH6PD
291,1,AH6PJ
291,1,AH6PN
291,1,AH6PW
291,1,AH6R
291,1,AH6RB
291,1,AH6S
291,1,AH6SV
291,1,AH6TS
291,1,AH6TX
291,1,AH6UD
291,1,AH6UK
291,1,AH6UN
291,1,AH6UU
291,1,AH6UX
291,1,AH6VM
291,1,AH6VQ
291,1,AH6VV
291,1,AH6VW
291,1,AH6X
291,1,AH6Y
291,1,AH6YL
291,1,AH6Z
291,1,AH7A
291,1,AH7D
291,1,AH7DN
291,1,AH7F
291,1,AH7I
291,1,AH7J
291,1,AH7Q
291,1,AH7U
291,1,AH7Z
291,1,AH8AC
291,1,AH8B
291,1,AH8C
291,1,AH8K
291,1,AH8M
291,1,AH8O
291,1,AH8P
291,1,AH8S
291,1,AH8Y
291,1,AH9A
291,1,AL0A
291,1,AL0AA
291,1,AL0F
291,1,AL0FT
291,1,AL0G
291,1,AL0H
291,1,AL0I
291,1,AL0K
291,1,AL0N
291,1,AL0Q
291,1,AL0R
291,1,AL0X
291,1,AL0Y
291,1,AL1A
291,1,AL1AK
291,1,AL1AS
291,1,AL1B
291,1,AL1CE
291,1,AL1F
291,1,AL1K
291,1,AL1N
291,1,AL1O
291,1,AL1P
291,1,AL1Q
291,1,AL1VE
291,1,AL2AK
291,1,AL2B
291,1,AL2C
291,1,AL2E
291,1,AL2G
291,1,AL2GR
291,1,AL2I
291,1,AL2J
291,1,AL2N
291,1,AL2O
291,1,AL2S
291,1,AL3A
291,1,AL3C
291,1,AL3E
291,1,AL3G
291,1,AL3L
291,1,AL3M
291,1,AL3Q
291,1,AL3V
291,1,AL3X
291,1,AL4B
291,1,AL4D
291,1,AL4E
291,1,AL4F
291,1,AL4K
291,1,AL4R
291,1,AL4U
291,1,AL4US
291,1,AL4V
291,1,AL4X
291,1,AL5A
291,1,AL5B
291,1,AL5C
291,1,AL5IN
291,1,AL5J
291,1,AL5LV
291,1,AL5M
291,1,AL5O
291,1,AL5P
291,1,AL5W
291,1,AL6A
291,1,AL6B
291,1,AL6M
291,1,AL7AA
291,1,AL7AB
291,1,AL7AH
291,1,AL7AK
291,1,AL7AL
291,1,AL7AM
291,1,AL7AN
291,1,AL7AU
291,1,AL7AW
291,1,AL7BA
291,1,AL7BN
291,1,AL7BQ
291,1,AL7BR
291,1,AL7BT
291,1,AL7BX
291,1,AL7C
291,1,AL7CG
291,1,AL7CJ
291,1,AL7CQ
291,1,AL7CR
291,1,AL7CS
291,1,AL7CV
291,1,AL7CX
291,1,AL7D
291,1,AL7DD
291,1,AL7DF
291,1,AL7DQ
291,1,AL7DR
291,1,AL7DS
291,1,AL7DU
291,1,AL7EI
291,1,AL7EK
291,1,AL7EM
291,1,AL7EU
291,1,AL7EW
291,1,AL7F
291,1,AL7FA
291,1,AL7FB
291,1,AL7FN
291,1,AL7FO
291,1,AL7FU
291,1,AL7FZ
291,1,AL7G
291,1,AL7GD
291,1,AL7GF
291,1,AL7GI
291,1,AL7GK
291,1,AL7GN
291,1,AL7GQ
291,1,AL7GS
291,1,AL7HD
291,1,AL7HG
291,1,AL7HH
291,1,AL7HS
291,1,AL7HU
291,1,AL7HY
291,1,AL7IC
291,1,AL7IH
291,1,AL7IM
291,1,AL7IT
291,1,AL7J
291,1,AL7JB
291,1,AL7JJ
291,1,AL7JN
291,1,AL7JP
291,1,AL7JS
291,1,AL7JU
291,1,AL7JV
291,1,AL7JW
291,1,AL7KE
291,1,AL7KF
291,1,AL7KG
291,1,AL7KK
291,1,AL7KN
291,1,AL7KT
291,1,AL7KV
291,1,AL7LB
291,1,AL7LH
291,1,AL7LI
291,1,AL7LJ
291,1,AL7LP
291,1,AL7LS
291,1,AL7LV
291,1,AL7MH
291,1,AL7MR
291,1,AL7ND
291,1,AL7NI
291,1,AL7NK
291,1,AL7NM
291,1,AL7NN
291,1,AL7NS
291,1,AL7NY
291,1,AL7NZ
291,1,AL7OA
291,1,AL7OE
291,1,AL7OG
291,1,AL7OL
291,1,AL7OP
291,1,AL7OW
291,1,AL7PB
291,1,AL7PK
291,1,AL7PL
291,1,AL7PM
291,1,AL7PR
291,1,AL7PS
291,1,AL7QG
291,1,AL7QI
291,1,AL7QL
291,1,AL7QO
291,1,AL7QQ
291,1,AL7QR
291,1,AL7QS
291,1,AL7QZ
291,1,AL7R
291,1,AL7RB
291,1,AL7RD
291,1,AL7RE
291,1,AL7RF
291,1,AL7RG
291,1,AL7RH
291,1,AL7RI
291,1,AL7RK
291,1,AL7RM
291,1,AL7RN
291,1,AL7RR
291,1,AL7RS
291,1,AL7RT
291,1,AL7RU
291,1,AL7T
291,1,AL7V
291,1,AL7W
291,1,AL7Z
291,1,AL8F
291,1,AL8Y
291,1,AL9DB
291,1,G8ERJ
291,1,KG4GYO
291,1,KG4MLB
291,1,KG4NEX
291,1,KG4NIY
291,1,KG4ULT
291,1,KG4WAH
291,1,KH0AF
291,1,KH0AS
291,1,KH0BE
291,1,KH0BF
291,1,KH0BR
291,1,KH0BU
291,1,KH0BX
291,1,KH0BZ
291,1,KH0CA
291,1,KH0CG
291,1,KH0CO
291,1,KH0CU
291,1,KH0CW
291,1,KH0DH
291,1,KH0DJ
291,1,KH0DW
291,1,KH0EX
291,1,KH0H
291,1,KH0HQ
291,1,KH0HR
291,1,KH0JA
291,1,KH0JJ
291,1,KH0JO
291,1,KH0K
291,1,KH0LY
291,1,KH0NI
291,1,KH0SH
291,1,KH0UN
291,1,KH0V
291,1,KH0X
291,1,KH0XD
291,1,KH0Y
291,1,KH0ZZ
291,1,KH2AB
291,1,KH2AI
291,1,KH2AK
291,1,KH2AP
291,1,KH2AR
291,1,KH2AV
291,1,KH2AY
291,1,KH2BD
291,1,KH2BI
291,1,KH2BR
291,1,KH2BX
291,1,KH2C
291,1,KH2CH
291,1,KH2CW
291,1,KH2CZ
291,1,KH2D
291,1,KH2DF
291,1,KH2DN
291,1,KH2DX
291,1,KH2EA
291,1,KH2EE
291,1,KH2EI
291,1,KH2EP
291,1,KH2EV
291,1,KH2EW
291,1,KH2FF
291,1,KH2FI
291,1,KH2FJ
291,1,KH2FX
291,1,KH2GG
291,1,KH2GM
291,1,KH2H
291,1,KH2IT
291,1,KH2IW
291,1,KH2JA
291,1,KH2JB
291,1,KH2JH
291,1,KH2JK
291,1,KH2JX
291,1,KH2KD
291,1,KH2KF
291,1,KH2KH
291,1,KH2KL
291,1,KH2LB
291,1,KH2LU
291,1,KH2LZ
291,1,KH2MI
291,1,KH2MV
291,1,KH2NC
291,1,KH2OJ
291,1,KH2OP
291,1,KH2P
291,1,KH2PM
291,1,KH2QE
291,1,KH2QH
291,1,KH2QJ
291,1,KH2QL
291,1,KH2QY
291,1,KH2R
291,1,KH2RK
291,1,KH2RL
291,1,KH2RP
291,1,KH2SK
291,1,KH2SL
291,1,KH2SR
291,1,KH2SX
291,1,KH2TB
291,1,KH2TG
291,1,KH2TI
291,1,KH2TJ
291,1,KH2UG
291,1,KH2UV
291,1,KH2UY
291,1,KH2UZ
291,1,KH2VB
291,1,KH2XD
291,1,KH2XN
291,1,KH2XO
291,1,KH2XP
291,1,KH2XW
291,1,KH2YG
291,1,KH2YJ
291,1,KH2YL
291,1,KH2YO
291,1,KH2Z
291,1,KH2ZM
291,1,KH3AC
291,1,KH3AD
291,1,KH3AG
291,1,KH4AF
291,1,KH4AG
291,1,KH6AB
291,1,KH6ABA
291,1,KH6AD
291,1,KH6AE
291,1,KH6AG
291,1,KH6AHQ
291,1,KH6ALN
291,1,KH6AME
291,1,KH6AS
291,1,KH6BMD
291,1,KH6BRY
291,1,KH6BXZ
291,1,KH6CJD
291,1,KH6CN
291,1,KH6COL
291,1,KH6COY
291,1,KH6CQG
291,1,KH6CQH
291,1,KH6CT
291,1,KH6CTQ
291,1,KH6CUJ
291,1,KH6DAL
291,1,KH6DAN
291,1,KH6DB
291,1,KH6DDW
291,1,KH6DHF
291,1,KH6DM
291,1,KH6DOT
291,1,KH6DR
291,1,KH6DUT
291,1,KH6DZ
291,1,KH6EAM
291,1,KH6ED
291,1,KH6EE
291,1,KH6EE/7
291,1,KH6EHF
291,1,KH6EI
291,1,KH6EO
291,1,KH6ER
291,1,KH6FE
291,1,KH6FL
291,1,KH6FOX
291,1,KH6FQR
291,1,KH6FQY
291,1,KH6FU
291,1,KH6GB
291,1,KH6GBQ
291,1,KH6GC
291,1,KH6GDN
291,1,KH6GEZ
291,1,KH6GGC
291,1,KH6GJV
291,1,KH6GK
291,1,KH6GKR
291,1,KH6GN
291,1,KH6GR
291,1,KH6GRG
291,1,KH6HDA
291,1,KH6HJE
291,1,KH6HNL
291,1,KH6HO
291,1,KH6HOU
291,1,KH6HP
291,1,KH6HPQ
291,1,KH6HTV
291,1,KH6HU
291,1,KH6HZ
291,1,KH6IA
291,1,KH6ICQ
291,1,KH6IDF
291,1,KH6IHB
291,1,KH6II
291,1,KH6IK
291,1,KH6IKC
291,1,KH6IKH
291,1,KH6IKI
291,1,KH6IKL
291,1,KH6ILT
291,1,KH6IMN
291,1,KH6IMX
291,1,KH6IPJ
291,1,KH6IQX
291,1,KH6ITI
291,1,KH6ITY
291,1,KH6JAU
291,1,KH6JCC
291,1,KH6JCT
291,1,KH6JEM
291,1,KH6JFH
291,1,KH6JFL
291,1,KH6JGA
291,1,KH6JGD
291,1,KH6JIM
291,1,KH6JIQ
291,1,KH6JJD
291,1,KH6JJN
291,1,KH6JKG
291,1,KH6JKL
291,1,KH6JN
291,1,KH6JNK
291,1,KH6JNW
291,1,KH6JNY
291,1,KH6JPB
291,1,KH6JPJ
291,1,KH6JPO
291,1,KH6JQW
291,1,KH6JR
291,1,KH6JRB
291,1,KH6JRC
291,1,KH6JRL
291,1,KH6JRW
291,1,KH6JS
291,1,KH6JT
291,1,KH6JTE
291,1,KH6JTM
291,1,KH6JUA
291,1,KH6JUK
291,1,KH6JUM
291,1,KH6JUQ
291,1,KH6JVF
291,1,KH6JVL
291,1,KH6JVS
291,1,KH6JWG
291,1,KH6KI
291,1,KH6KS
291,1,KH6KT
291,1,KH6KZ
291,1,KH6LEM
291,1,KH6LO
291,1,KH6LX
291,1,KH6M
291,1,KH6MF
291,1,KH6MI
291,1,KH6MJ
291,1,KH6MT
291,1,KH6MV
291,1,KH6N
291,1,KH6NA
291,1,KH6NC
291,1,KH6NG
291,1,KH6NI
291,1,KH6NM
291,1,KH6NN
291,1,KH6NO
291,1,KH6NR
291,1,KH6NU
291,1,KH6O
291,1,KH6OE
291,1,KH6OK
291,1,KH6OU
291,1,KH6OV
291,1,KH6OY
291,1,KH6OZ
291,1,KH6PG
291,1,KH6PM
291,1,KH6PR
291,1,KH6PRD
291,1,KH6PX
291,1,KH6QAI
291,1,KH6QAJ
291,1,KH6RD
291,1,KH6RE
291,1,KH6RP
291,1,KH6RV
291,1,KH6RW
291,1,KH6SB
291,1,KH6SEV
291,1,KH6SKY
291,1,KH6SM
291,1,KH6SS
291,1,KH6SZ
291,1,KH6TG
291,1,KH6TL
291,1,KH6TO
291,1,KH6TX
291,1,KH6TY
291,1,KH6UC
291,1,KH6UK
291,1,KH6UQ
291,1,KH6USA
291,1,KH6UV
291,1,KH6UX
291,1,KH6VC
291,1,KH6VHF
291,1,KH6VI
291,1,KH6VM
291,1,KH6VO
291,1,KH6VT
291,1,KH6VZ
291,1,KH6WH
291,1,KH6WL
291,1,KH6WOW
291,1,KH6WX
291,1,KH6WY
291,1,KH6WZ
291,1,KH6XS
291,1,KH6YL
291,1,KH7AC
291,1,KH7AL
291,1,KH7AX
291,1,KH7BC
291,1,KH7BU
291,1,KH7CB
291,1,KH7CF
291,1,KH7CM
291,1,KH7CO
291,1,KH7CS
291,1,KH7CU
291,1,KH7CZ
291,1,KH7DA
291,1,KH7DF
291,1,KH7DK
291,1,KH7DM
291,1,KH7DR
291,1,KH7EI
291,1,KH7EM
291,1,KH7FJ
291,1,KH7FR
291,1,KH7FU
291,1,KH7G
291,1,KH7GA
291,1,KH7GF
291,1,KH7HA
291,1,KH7HH
291,1,KH7HM
291,1,KH7HY
291,1,KH7I
291,1,KH7IC
291,1,KH7IP
291,1,KH7IZ
291,1,KH7JM
291,1,KH7JO
291,1,KH7JR
291,1,KH7LE
291,1,KH7ME
291,1,KH7MR
291,1,KH7MX
291,1,KH7NE
291,1,KH7NI
291,1,KH7NP
291,1,KH7NS
291,1,KH7OC
291,1,KH7OV
291,1,KH7OX
291,1,KH7PL
291,1,KH7QI
291,1,KH7QJ
291,1,KH7QL
291,1,KH7QO
291,1,KH7QS
291,1,KH7QU
291,1,KH7R
291,1,KH7RB
291,1,KH7RD
291,1,KH7RQ
291,1,KH7RT
291,1,KH7SB
291,1,KH7SE
291,1,KH7SP
291,1,KH7SQ
291,1,KH7SR
291,1,KH7TG
291,1,KH7TJ
291,1,KH7TR
291,1,KH7TW
291,1,KH7VB
291,1,KH7VC
291,1,KH7VD
291,1,KH7VE
291,1,KH7WK
291,1,KH7WN
291,1,KH7WO
291,1,KH7WP
291,1,KH7WR
291,1,KH7WS
291,1,KH7WX
291,1,KH7X
291,1,KH7XS/4
291,1,KH7XT
291,1,KH7YD
291,1,KH7ZC
291,1,KH7ZD
291,1,KH7ZT
291,1,KH8AB
291,1,KH8AC
291,1,KH8AF
291,1,KH8AH
291,1,KH8BA
291,1,KH8BG
291,1,KH8CG
291,1,KH8CN
291,1,KH8CW
291,1,KH8DO
291,1,KH8E
291,1,KH8FL
291,1,KH8K
291,1,KH8U
291,1,KH8ZK
291,1,KH9AE
291,1,KL0AA
291,1,KL0AF
291,1,KL0AG
291,1,KL0AH
291,1,KL0AI
291,1,KL0AL
291,1,KL0AN
291,1,KL0AP
291,1,KL0CA
291,1,KL0CM
291,1,KL0CP
291,1,KL0CW
291,1,KL0D/1
291,1,KL0DF
291,1,KL0DG
291,1,KL0DN
291,1,KL0DR
291,1,KL0DT
291,1,KL0DW
291,1,KL0EQ
291,1,KL0ER
291,1,KL0ET
291,1,KL0EU
291,1,KL0EX
291,1,KL0EY
291,1,KL0FF
291,1,KL0FOX
291,1,KL0GI
291,1,KL0GP
291,1,KL0GQ
291,1,KL0HP
291,1,KL0HU
291,1,KL0HZ
291,1,KL0IF
291,1,KL0IP
291,1,KL0IR
291,1,KL0IS
291,1,KL0IW
291,1,KL0IX
291,1,KL0L
291,1,KL0LB
291,1,KL0LF
291,1,KL0LN
291,1,KL0LP
291,1,KL0MG
291,1,KL0MO
291,1,KL0MP
291,1,KL0MT
291,1,KL0MW
291,1,KL0N
291,1,KL0NF
291,1,KL0NM
291,1,KL0NP
291,1,KL0NR
291,1,KL0NT
291,1,KL0NV
291,1,KL0NY
291,1,KL0PD
291,1,KL0PG
291,1,KL0PM
291,1,KL0PP
291,1,KL0QD
291,1,KL0QQ
291,1,KL0QS
291,1,KL0RA
291,1,KL0RN
291,1,KL0S
291,1,KL0SA
291,1,KL0SS
291,1,KL0ST
291,1,KL0SV
291,1,KL0SZ
291,1,KL0T
291,1,KL0TF
291,1,KL0TN
291,1,KL0TQ
291,1,KL0TR
291,1,KL0TU
291,1,KL0TV
291,1,KL0UA
291,1,KL0UD
291,1,KL0UP
291,1,KL0VB
291,1,KL0VD
291,1,KL0VE
291,1,KL0VH
291,1,KL0VM
291,1,KL0VU
291,1,KL0VZ
291,1,KL0W
291,1,KL0WF
291,1,KL0WH
291,1,KL0WIZ
291,1,KL0WN
291,1,KL0WV
291,1,KL0XI
291,1,KL0XJ
291,1,KL0XM
291,1,KL0XN
291,1,KL0XT
291,1,KL0YD
291,1,KL0ZA
291,1,KL0ZF
291,1,KL0ZL
291,1,KL0ZU
291,1,KL1AA
291,1,KL1AC
291,1,KL1AE
291,1,KL1AH
291,1,KL1AK
291,1,KL1AN
291,1,KL1AS
291,1,KL1AV
291,1,KL1BM
291,1,KL1BQ
291,1,KL1CNN
291,1,KL1CQ
291,1,KL1DA
291,1,KL1DJ
291,1,KL1DN
291,1,KL1DO
291,1,KL1DS
291,1,KL1DW
291,1,KL1DY
291,1,KL1DZ
291,1,KL1ED
291,1,KL1FE
291,1,KL1FI
291,1,KL1HA
291,1,KL1HC
291,1,KL1HX
291,1,KL1IF
291,1,KL1J
291,1,KL1JF
291,1,KL1JO
291,1,KL1JS
291,1,KL1K
291,1,KL1KJ
291,1,KL1KM
291,1,KL1KP
291,1,KL1KU
291,1,KL1KW
291,1,KL1LA
291,1,KL1LD
291,1,KL1LE
291,1,KL1LF
291,1,KL1LV
291,1,KL1LZ
291,1,KL1MF
291,1,KL1MM
291,1,KL1MW
291,1,KL1NER
291,1,KL1NK
291,1,KL1NO
291,1,KL1NR
291,1,KL1OC
291,1,KL1OH
291,1,KL1OK
291,1,KL1PA
291,1,KL1PK
291,1,KL1PM
291,1,KL1PV
291,1,KL1QE
291,1,KL1QL
291,1,KL1QN
291,1,KL1QV
291,1,KL1RH
291,1,KL1RX
291,1,KL1SD
291,1,KL1SE
291,1,KL1SF
291,1,KL1SO
291,1,KL1SS
291,1,KL1TP
291,1,KL1TQ
291,1,KL1TS
291,1,KL1TU
291,1,KL1TV
291,1,KL1U
291,1,KL1UA
291,1,KL1UM
291,1,KL1UR
291,1,KL1US
291,1,KL1UW
291,1,KL1VN
291,1,KL1WD
291,1,KL1WE
291,1,KL1WG
291,1,KL1WO
291,1,KL1XF
291,1,KL1XI
291,1,KL1XQ
291,1,KL1XR
291,1,KL1Y
291,1,KL1YO
291,1,KL1ZA
291,1,KL1ZN
291,1,KL1ZP
291,1,KL1ZR
291,1,KL1ZW
291,1,KL2A/7
291,1,KL2AK
291,1,KL2AP
291,1,KL2AX
291,1,KL2BG
291,1,KL2BO
291,1,KL2BP
291,1,KL2BW
291,1,KL2BY
291,1,KL2BZ
291,1,KL2CD
291,1,KL2CV
291,1,KL2CX
291,1,KL2DM
291,1,KL2EY
291,1,KL2FD
291,1,KL2FL
291,1,KL2GA
291,1,KL2GB
291,1,KL2GG
291,1,KL2GP
291,1,KL2GR
291,1,KL2HC
291,1,KL2HK
291,1,KL2HN
291,1,KL2HV
291,1,KL2HX
291,1,KL2IC
291,1,KL2JY
291,1,KL2K
291,1,KL2KL
291,1,KL2KP
291,1,KL2KY
291,1,KL2LA
291,1,KL2LC
291,1,KL2LK
291,1,KL2LN
291,1,KL2LT
291,1,KL2LU
291,1,KL2LZ
291,1,KL2MA
291,1,KL2MB
291,1,KL2MI
291,1,KL2MP
291,1,KL2MQ
291,1,KL2MU
291,1,KL2NI
291,1,KL2NJ
291,1,KL2NN
291,1,KL2NP
291,1,KL2NS
291,1,KL2NU
291,1,KL2NW
291,1,KL2NZ
291,1,KL2OH
291,1,KL2OJ
291,1,KL2OY
291,1,KL2P
291,1,KL2PB
291,1,KL2PS
291,1,KL2QE
291,1,KL2QO
291,1,KL2RA
291,1,KL2RB
291,1,KL2TD
291,1,KL2TK
291,1,KL2TP
291,1,KL2TR
291,1,KL2TV
291,1,KL2TZ
291,1,KL2UM
291,1,KL2UO
291,1,KL2UP
291,1,KL2UQ
291,1,KL2UR
291,1,KL2UY
291,1,KL2VA
291,1,KL2VK
291,1,KL2WE
291,1,KL2WF
291,1,KL2WL
291,1,KL2XF
291,1,KL2XI
291,1,KL2YD
291,1,KL2YH
291,1,KL2YI
291,1,KL2YO
291,1,KL2YQ
291,1,KL2YU
291,1,KL2ZJ
291,1,KL2ZK
291,1,KL2ZL
291,1,KL3BG
291,1,KL3DA
291,1,KL3DL
291,1,KL3DP
291,1,KL3EM
291,1,KL3ET
291,1,KL3EV
291,1,KL3EZ
291,1,KL3FA
291,1,KL3FE
291,1,KL3FI
291,1,KL3FY
291,1,KL3GK
291,1,KL3HG
291,1,KL3HK
291,1,KL3HL
291,1,KL3HM
291,1,KL3HN
291,1,KL3HQ
291,1,KL3HX
291,1,KL3HZ
291,1,KL3IA
291,1,KL3IC
291,1,KL3IG
291,1,KL3II
291,1,KL3IM
291,1,KL3IO
291,1,KL3IQ
291,1,KL3IW
291,1,KL3JB
291,1,KL3JC
291,1,KL3JL
291,1,KL3KB
291,1,KL3KC
291,1,KL3KF
291,1,KL3KG
291,1,KL3KH
291,1,KL3KI
291,1,KL3KM
291,1,KL3KS
291,1,KL3KZ
291,1,KL3LC
291,1,KL3LP
291,1,KL3LU
291,1,KL3LY
291,1,KL3LZ
291,1,KL3MA
291,1,KL3MB
291,1,KL3MC
291,1,KL3MK
291,1,KL3ML
291,1,KL3MW
291,1,KL3MZ
291,1,KL3NE
291,1,KL3NR
291,1,KL3OK
291,1,KL3OQ
291,1,KL3PD
291,1,KL3PP
291,1,KL3PV
291,1,KL3QS
291,1,KL3QZ
291,1,KL3RA
291,1,KL3RG
291,1,KL3RH
291,1,KL3SA
291,1,KL3SH
291,1,KL3SM
291,1,KL3SP
291,1,KL3ST
291,1,KL3TB
291,1,KL3TD
291,1,KL3TI
291,1,KL3TQ
291,1,KL3TW
291,1,KL3UF
291,1,KL3UK
291,1,KL3UX
291,1,KL3UY
291,1,KL3VA
291,1,KL3VJ
291,1,KL3VN
291,1,KL3VO
291,1,KL3VQ
291,1,KL3VR
291,1,KL3WH
291,1,KL3WM
291,1,KL3X
291,1,KL3XB
291,1,KL3XJ
291,1,KL3XS
291,1,KL3YH
291,1,KL3YQ
291,1,KL3ZC
291,1,KL3ZE
291,1,KL4AO
291,1,KL4BG
291,1,KL4BK
291,1,KL4BQ
291,1,KL4BX
291,1,KL4C
291,1,KL4CR
291,1,KL4CX
291,1,KL4CZ
291,1,KL4DD
291,1,KL4E
291,1,KL4EG
291,1,KL4EJ
291,1,KL4FX
291,1,KL4FZ
291,1,KL4GW
291,1,KL4H
291,1,KL4HA
291,1,KL4IU
291,1,KL4IY
291,1,KL4J
291,1,KL4JN
291,1,KL4JQ
291,1,KL4K
291,1,KL4KA
291,1,KL4KF
291,1,KL4KW
291,1,KL4LQ
291,1,KL4LS
291,1,KL4LV
291,1,KL4NE
291,1,KL4NG
291,1,KL4NQ
291,1,KL4NX
291,1,KL4NZ
291,1,KL4OG
291,1,KL4PQ
291,1,KL4QJ
291,1,KL4QN
291,1,KL4QZ
291,1,KL4R
291,1,KL4RA
291,1,KL4RKH
291,1,KL4RY
291,1,KL4SN
291,1,KL4T
291,1,KL4TC
291,1,KL4TP
291,1,KL4UN
291,1,KL4WQ
291,1,KL4WV
291,1,KL4X
291,1,KL4XK
291,1,KL4XR
291,1,KL4YFD
291,1,KL4Z
291,1,KL4ZJ
291,1,KL5AY
291,1,KL5BF
291,1,KL5CD
291,1,KL5CS
291,1,KL5CX
291,1,KL5DC
291,1,KL5GK
291,1,KL5GR
291,1,KL5GZ
291,1,KL5JG
291,1,KL5L
291,1,KL5LC
291,1,KL5MM
291,1,KL5NL
291,1,KL5PU
291,1,KL5QM
291,1,KL5R
291,1,KL5WY
291,1,KL5X
291,1,KL5YJ
291,1,KL5Z
291,1,KL6RG
291,1,KL7A
291,1,KL7AB
291,1,KL7AD
291,1,KL7AE
291,1,KL7AF
291,1,KL7AH
291,1,KL7AK
291,1,KL7AL
291,1,KL7AN
291,1,KL7AR
291,1,KL7AT
291,1,KL7AU
291,1,KL7AW
291,1,KL7AX
291,1,KL7BB
291,1,KL7BCD
291,1,KL7BD
291,1,KL7BDC
291,1,KL7BGR
291,1,KL7BH
291,1,KL7BJ
291,1,KL7BL
291,1,KL7BR
291,1,KL7BS
291,1,KL7BT
291,1,KL7BUR
291,1,KL7BX
291,1,KL7BXP
291,1,KL7BZL
291,1,KL7C
291,1,KL7CD
291,1,KL7CE
291,1,KL7CLH
291,1,KL7CM
291,1,KL7CN
291,1,KL7CPO
291,1,KL7CR
291,1,KL7CT
291,1,KL7CVW
291,1,KL7CX
291,1,KL7CY
291,1,KL7DAN
291,1,KL7DB
291,1,KL7DC
291,1,KL7DF
291,1,KL7DI
291,1,KL7DJ
291,1,KL7DK
291,1,KL7DL
291,1,KL7DLG
291,1,KL7DM
291,1,KL7DP
291,1,KL7DS
291,1,KL7DSI
291,1,KL7DTJ
291,1,KL7DU
291,1,KL7DYS
291,1,KL7DZQ
291,1,KL7EAE
291,1,KL7EAL
291,1,KL7EBE
291,1,KL7EF
291,1,KL7EH
291,1,KL7EIN
291,1,KL7EJ
291,1,KL7EL
291,1,KL7ELD
291,1,KL7EP
291,1,KL7ET
291,1,KL7EU
291,1,KL7EZ
291,1,KL7F
291,1,KL7FB
291,1,KL7FD
291,1,KL7FDQ
291,1,KL7FHI
291,1,KL7FHK
291,1,KL7FHX
291,1,KL7FIR
291,1,KL7FKO
291,1,KL7FLR
291,1,KL7FLY
291,1,KL7FO
291,1,KL7FOZ
291,1,KL7FQR
291,1,KL7FRQ
291,1,KL7FW
291,1,KL7GB
291,1,KL7GCS
291,1,KL7GF
291,1,KL7GKW
291,1,KL7GKY
291,1,KL7GLK
291,1,KL7GLL
291,1,KL7GNW
291,1,KL7GRF
291,1,KL7GT
291,1,KL7H
291,1,KL7HB
291,1,KL7HBV
291,1,KL7HF
291,1,KL7HFV
291,1,KL7HH
291,1,KL7HI
291,1,KL7HIM
291,1,KL7HJR
291,1,KL7HJZ
291,1,KL7HLF
291,1,KL7HM
291,1,KL7HMK
291,1,KL7HNY
291,1,KL7HQL
291,1,KL7HQR
291,1,KL7HQW
291,1,KL7HSG
291,1,KL7HSR
291,1,KL7HSY
291,1,KL7HV
291,1,KL7HX
291,1,KL7I
291,1,KL7IAL
291,1,KL7IBV
291,1,KL7ID
291,1,KL7IDM
291,1,KL7IDT
291,1,KL7IEI
291,1,KL7IEK
291,1,KL7IFK
291,1,KL7IG
291,1,KL7IGB
291,1,KL7IIK
291,1,KL7IKP
291,1,KL7IKR
291,1,KL7IKV
291,1,KL7IKZ
291,1,KL7IL
291,1,KL7IM
291,1,KL7IME
291,1,KL7IOP
291,1,KL7IOW
291,1,KL7IPS
291,1,KL7ISE
291,1,KL7ISN
291,1,KL7ITF
291,1,KL7IUC
291,1,KL7IUI
291,1,KL7IUQ
291,1,KL7IV
291,1,KL7IVK
291,1,KL7IVY
291,1,KL7IWF
291,1,KL7IWT
291,1,KL7IWU
291,1,KL7IXI
291,1,KL7IXO
291,1,KL7IXX
291,1,KL7IZC
291,1,KL7IZW
291,1,KL7JAB
291,1,KL7JAR
291,1,KL7JAU
291,1,KL7JAV
291,1,KL7JB
291,1,KL7JBB
291,1,KL7JBE
291,1,KL7JCQ
291,1,KL7JDQ
291,1,KL7JDS
291,1,KL7JDY
291,1,KL7JEA
291,1,KL7JEF
291,1,KL7JFR
291,1,KL7JG
291,1,KL7JGS
291,1,KL7JHM
291,1,KL7JIE
291,1,KL7JIJ
291,1,KL7JIM
291,1,KL7JIU
291,1,KL7JJE
291,1,KL7JJN
291,1,KL7JKC
291,1,KL7JKR
291,1,KL7JKS
291,1,KL7JKV
291,1,KL7JO
291,1,KL7JR
291,1,KL7JT
291,1,KL7JUL
291,1,KL7JW
291,1,KL7KA
291,1,KL7KF
291,1,KL7KRT
291,1,KL7KSX
291,1,KL7KTC
291,1,KL7KTD
291,1,KL7KTE
291,1,KL7KTF
291,1,KL7KTG
291,1,KL7KTI
291,1,KL7KTJ
291,1,KL7KTK
291,1,KL7KTL
291,1,KL7KTM
291,1,KL7KTN
291,1,KL7KTQ
291,1,KL7KTR
291,1,KL7KTS
291,1,KL7KTT
291,1,KL7KTU
291,1,KL7KTV
291,1,KL7KTW
291,1,KL7KTX
291,1,KL7KTY
291,1,KL7KTZ
291,1,KL7KUA
291,1,KL7KUB
291,1,KL7KUC
291,1,KL7KUD
291,1,KL7KUE
291,1,KL7KUF
291,1,KL7KUG
291,1,KL7KUH
291,1,KL7KUI
291,1,KL7KUL
291,1,KL7KUM
291,1,KL7KUN
291,1,KL7KUO
291,1,KL7KUP
291,1,KL7KUQ
291,1,KL7KUR
291,1,KL7KUS
291,1,KL7KUT
291,1,KL7KUU
291,1,KL7KUV
291,1,KL7KUW
291,1,KL7KUX
291,1,KL7KUY
291,1,KL7KUZ
291,1,KL7KVA
291,1,KL7KVB
291,1,KL7KVC
291,1,KL7KVD
291,1,KL7KVE
291,1,KL7KVF
291,1,KL7KVG
291,1,KL7KVH
291,1,KL7KVI
291,1,KL7KVK
291,1,KL7KVL
291,1,KL7KVM
291,1,KL7KVN
291,1,KL7KVO
291,1,KL7KVP
291,1,KL7KVQ
291,1,KL7KVR
291,1,KL7KVS
291,1,KL7KVT
291,1,KL7KVU
291,1,KL7KVW
291,1,KL7KVY
291,1,KL7KVZ
291,1,KL7KWA
291,1,KL7KX
291,1,KL7LG
291,1,KL7LH
291,1,KL7LI
291,1,KL7LJ
291,1,KL7LS
291,1,KL7LX
291,1,KL7LY
291,1,KL7LZ
291,1,KL7MA
291,1,KL7MC
291,1,KL7ME
291,1,KL7MF
291,1,KL7MG
291,1,KL7MH
291,1,KL7MJ
291,1,KL7ML
291,1,KL7MP
291,1,KL7MQ
291,1,KL7MU
291,1,KL7MV
291,1,KL7MW
291,1,KL7MY
291,1,KL7MZ
291,1,KL7NA
291,1,KL7NE
291,1,KL7NI
291,1,KL7NL
291,1,KL7NT
291,1,KL7NW
291,1,KL7OF
291,1,KL7OF/7
291,1,KL7OG
291,1,KL7OI
291,1,KL7OL
291,1,KL7OO
291,1,KL7OP
291,1,KL7OQ
291,1,KL7OR
291,1,KL7OS
291,1,KL7OY
291,1,KL7PC
291,1,KL7PK
291,1,KL7PO
291,1,KL7PS
291,1,KL7QA
291,1,KL7QC
291,1,KL7QK
291,1,KL7QR
291,1,KL7QU
291,1,KL7QW
291,1,KL7R
291,1,KL7RC
291,1,KL7RF
291,1,KL7RH
291,1,KL7RI
291,1,KL7RK
291,1,KL7RM
291,1,KL7RN
291,1,KL7RT
291,1,KL7RV
291,1,KL7RWS
291,1,KL7S
291,1,KL7SE
291,1,KL7SG
291,1,KL7SH
291,1,KL7SK
291,1,KL7SL
291,1,KL7SP
291,1,KL7SR
291,1,KL7SV
291,1,KL7SW
291,1,KL7SY
291,1,KL7T
291,1,KL7TD
291,1,KL7TJZ
291,1,KL7TM
291,1,KL7TU
291,1,KL7TZ
291,1,KL7U
291,1,KL7UL
291,1,KL7UP
291,1,KL7UT
291,1,KL7UV
291,1,KL7V
291,1,KL7VG
291,1,KL7VK
291,1,KL7VL
291,1,KL7VN
291,1,KL7VO
291,1,KL7VP
291,1,KL7VQ
291,1,KL7VU
291,1,KL7WA
291,1,KL7WC
291,1,KL7WG
291,1,KL7WI
291,1,KL7WM
291,1,KL7WN
291,1,KL7WT
291,1,KL7WW
291,1,KL7XA
291,1,KL7XF
291,1,KL7XH
291,1,KL7XI
291,1,KL7XL
291,1,KL7XP
291,1,KL7XS
291,1,KL7Y
291,1,KL7YK
291,1,KL7YL
291,1,KL7YN
291,1,KL7YQ
291,1,KL7YT
291,1,KL7YX
291,1,KL7ZD
291,1,KL7ZH
291,1,KL7ZW
291,1,KL8K
291,1,KL8R
291,1,KL8RV
291,1,KL8SU
291,1,KL8X
291,1,KL9A
291,1,KL9ER
291,1,KL9MEK
291,1,KL9PC
291,1,KP2AE
291,1,KP2AF
291,1,KP2AS
291,1,KP2AV
291,1,KP2BH
291,1,KP2BH/4
291,1,KP2BK
291,1,KP2BU
291,1,KP2BX
291,1,KP2CB
291,1,KP2CH
291,1,KP2CO
291,1,KP2CR
291,1,KP2CT
291,1,KP2JR
291,1,KP2L
291,1,KP2NP
291,1,KP2QL
291,1,KP2R
291,1,KP2RF
291,1,KP2U
291,1,KP2US
291,1,KP2V
291,1,KP2X
291,1,KP2XX
291,1,KP2Y
291,1,KP3AK
291,1,KP3AMG
291,1,KP3BL
291,1,KP3BN
291,1,KP3BP
291,1,KP3CL
291,1,KP3FT
291,1,KP3GE
291,1,KP3JL
291,1,KP3JOS
291,1,KP3LM
291,1,KP3M
291,1,KP3O
291,1,KP3RC
291,1,KP3RK
291,1,KP3SW
291,1,KP3U
291,1,KP3UFO
291,1,KP3Y
291,1,KP3YL
291,1,KP4AD
291,1,KP4AK
291,1,KP4AKB
291,1,KP4AMC
291,1,KP4AMG
291,1,KP4AMR
291,1,KP4AOD
291,1,KP4AQI
291,1,KP4ATV
291,1,KP4AWS
291,1,KP4AYI
291,1,KP4BBN
291,1,KP4BEC
291,1,KP4BEP
291,1,KP4BLS
291,1,KP4BM
291,1,KP4BPR
291,1,KP4CAM
291,1,KP4CBP
291,1,KP4CI
291,1,KP4CJ
291,1,KP4CML
291,1,KP4CSJ
291,1,KP4CSZ
291,1,KP4CTO
291,1,KP4CV
291,1,KP4CW
291,1,KP4CZ
291,1,KP4DA
291,1,KP4DAC
291,1,KP4DDS
291,1,KP4DGF
291,1,KP4DJT
291,1,KP4DPQ
291,1,KP4DQS
291,1,KP4DSO
291,1,KP4E
291,1,KP4EBA
291,1,KP4EDL
291,1,KP4EF
291,1,KP4EH
291,1,KP4EMY
291,1,KP4ENK
291,1,KP4ENM
291,1,KP4EOP
291,1,KP4EOR
291,1,KP4ERR
291,1,KP4ERT
291,1,KP4FBS
291,1,KP4FBT
291,1,KP4FC
291,1,KP4FCF
291,1,KP4FDE
291,1,KP4FFO
291,1,KP4FFW
291,1,KP4FGI
291,1,KP4FHA
291,1,KP4FLP
291,1,KP4FMD
291,1,KP4FOB
291,1,KP4FOF
291,1,KP4FRR
291,1,KP4G
291,1,KP4GS
291,1,KP4GVT
291,1,KP4GW
291,1,KP4HE
291,1,KP4HMR
291,1,KP4HN
291,1,KP4HR
291,1,KP4I
291,1,KP4II
291,1,KP4IP
291,1,KP4IRI
291,1,KP4IT
291,1,KP4JB
291,1,KP4JC
291,1,KP4JDR
291,1,KP4JE
291,1,KP4JEL
291,1,KP4JEV
291,1,KP4JG
291,1,KP4JLD
291,1,KP4JMP
291,1,KP4JOS
291,1,KP4JR
291,1,KP4JRB
291,1,KP4JV
291,1,KP4KA
291,1,KP4KD
291,1,KP4KWB
291,1,KP4LEU
291,1,KP4LF
291,1,KP4LLA
291,1,KP4LMD
291,1,KP4LUV
291,1,KP4LX
291,1,KP4MA
291,1,KP4MAS
291,1,KP4MD
291,1,KP4MHG
291,1,KP4MMG
291,1,KP4MPR
291,1,KP4MR
291,1,KP4MSP
291,1,KP4N
291,1,KP4NBI
291,1,KP4ND
291,1,KP4NHN
291,1,KP4NI
291,1,KP4NKE
291,1,KP4NPL
291,1,KP4NW
291,1,KP4OI
291,1,KP4OO
291,1,KP4PEC
291,1,KP4PF
291,1,KP4PM
291,1,KP4PRI
291,1,KP4PW
291,1,KP4Q
291,1,KP4QT
291,1,KP4R
291,1,KP4RCD
291,1,KP4RGD
291,1,KP4RGT
291,1,KP4RMM
291,1,KP4ROP
291,1,KP4RRC
291,1,KP4RT
291,1,KP4RX
291,1,KP4SV
291,1,KP4SWR
291,1,KP4TD
291,1,KP4TL
291,1,KP4TR
291,1,KP4UB
291,1,KP4UFO
291,1,KP4UK
291,1,KP4USA
291,1,KP4UV
291,1,KP4UZ
291,1,KP4VI
291,1,KP4VMR
291,1,KP4VO
291,1,KP4VS
291,1,KP4VW
291,1,KP4VX
291,1,KP4VZ
291,1,KP4WG
291,1,KP4WK
291,1,KP4WM
291,1,KP4WPD
291,1,KP4WR
291,1,KP4WW
291,1,KP4WY
291,1,KP4X
291,1,KP4XO
291,1,KP4XP
291,1,KP4XX
291,1,KP4XZ
291,1,KP4YH
291,1,KP4YLV
291,1,KP4YM
291,1,KP4YY
291,1,KP4ZB
291,1,KP4ZD
291,1,KP4ZEM
291,1,KP4ZF
291,1,KP4ZG
291,1,KP4ZX
291,1,NH0AD
291,1,NH0F
291,1,NH0H
291,1,NH0K
291,1,NH0O
291,1,NH0X
291,1,NH0XP
291,1,NH2A
291,1,NH2AR
291,1,NH2BD
291,1,NH2BV
291,1,NH2DB
291,1,NH2DC
291,1,NH2DM
291,1,NH2E
291,1,NH2F
291,1,NH2FX
291,1,NH2H
291,1,NH2KM
291,1,NH2KR
291,1,NH2KW
291,1,NH2LA
291,1,NH2LH
291,1,NH2MS
291,1,NH2MW
291,1,NH2NG
291,1,NH2NK
291,1,NH2NO
291,1,NH2R
291,1,NH2S
291,1,NH2W
291,1,NH6AC
291,1,NH6AD
291,1,NH6AE
291,1,NH6AF
291,1,NH6AJ
291,1,NH6AU
291,1,NH6AX
291,1,NH6AY
291,1,NH6AZ
291,1,NH6B
291,1,NH6BC
291,1,NH6BD
291,1,NH6BK
291,1,NH6BS
291,1,NH6CP
291,1,NH6DG
291,1,NH6DM
291,1,NH6DQ
291,1,NH6DX
291,1,NH6E
291,1,NH6EF
291,1,NH6EI
291,1,NH6EU
291,1,NH6FA
291,1,NH6FF
291,1,NH6FU
291,1,NH6FV
291,1,NH6FX
291,1,NH6G
291,1,NH6GE
291,1,NH6GR
291,1,NH6GZ
291,1,NH6HE
291,1,NH6HX
291,1,NH6HZ
291,1,NH6IH
291,1,NH6IK
291,1,NH6IU
291,1,NH6IV
291,1,NH6JX
291,1,NH6KI
291,1,NH6KN
291,1,NH6L
291,1,NH6LF
291,1,NH6LM
291,1,NH6LR
291,1,NH6LW
291,1,NH6NG
291,1,NH6NS
291,1,NH6ON
291,1,NH6QR
291,1,NH6R
291,1,NH6SF
291,1,NH6SM
291,1,NH6SO
291,1,NH6SR
291,1,NH6ST
291,1,NH6T
291,1,NH6TD
291,1,NH6TL
291,1,NH6U
291,1,NH6VB
291,1,NH6VJ
291,1,NH6WE
291,1,NH6WF
291,1,NH6WL
291,1,NH6WQ
291,1,NH6WR
291,1,NH6XN
291,1,NH6XW
291,1,NH6YE
291,1,NH6YR
291,1,NH6Z
291,1,NH6ZA
291,1,NH6ZE
291,1,NH6ZW
291,1,NH7A
291,1,NH7AG
291,1,NH7AQ
291,1,NH7AR
291,1,NH7B
291,1,NH7C
291,1,NH7CC
291,1,NH7CY
291,1,NH7DZ
291,1,NH7EM
291,1,NH7FG
291,1,NH7FI
291,1,NH7FO
291,1,NH7FS
291,1,NH7FU
291,1,NH7FW
291,1,NH7G
291,1,NH7H
291,1,NH7IE
291,1,NH7IG
291,1,NH7IH
291,1,NH7JL
291,1,NH7L
291,1,NH7LZ
291,1,NH7M
291,1,NH7MA
291,1,NH7MV
291,1,NH7MY
291,1,NH7N
291,1,NH7NA
291,1,NH7ND
291,1,NH7NW
291,1,NH7OC
291,1,NH7OI
291,1,NH7OL
291,1,NH7OS
291,1,NH7P
291,1,NH7PF
291,1,NH7PL
291,1,NH7PM
291,1,NH7PT
291,1,NH7PZ
291,1,NH7Q
291,1,NH7QQ
291,1,NH7QV
291,1,NH7R
291,1,NH7RE
291,1,NH7RM
291,1,NH7RO
291,1,NH7RT
291,1,NH7S
291,1,NH7SH
291,1,NH7SR
291,1,NH7ST
291,1,NH7SU
291,1,NH7TK
291,1,NH7TN
291,1,NH7TR
291,1,NH7TU
291,1,NH7TV
291,1,NH7UN
291,1,NH7VA
291,1,NH7VG
291,1,NH7W
291,1,NH7WC
291,1,NH7WE
291,1,NH7WG
291,1,NH7WT
291,1,NH7WU
291,1,NH7XJ
291,1,NH7XM
291,1,NH7XN
291,1,NH7YE
291,1,NH7YI
291,1,NH7YK
291,1,NH7ZE
291,1,NH7ZH
291,1,NH8A
291,1,NL4T
291,1,NL5J
291,1,NL5L
291,1,NL5Y/4
291,1,NL7AH
291,1,NL7AK
291,1,NL7AR
291,1,NL7AS
291,1,NL7AX
291,1,NL7AZ
291,1,NL7BI
291,1,NL7BU
291,1,NL7BV
291,1,NL7C
291,1,NL7CC
291,1,NL7CF
291,1,NL7CH
291,1,NL7CK
291,1,NL7CM
291,1,NL7CO
291,1,NL7CQ
291,1,NL7CU
291,1,NL7D
291,1,NL7DC
291,1,NL7DH
291,1,NL7DY
291,1,NL7EO
291,1,NL7ES
291,1,NL7FC
291,1,NL7FF
291,1,NL7FJ
291,1,NL7FK
291,1,NL7FQ
291,1,NL7FU
291,1,NL7FX
291,1,NL7FY
291,1,NL7GE
291,1,NL7GM
291,1,NL7GN
291,1,NL7GO
291,1,NL7GU
291,1,NL7GW
291,1,NL7HB
291,1,NL7HI
291,1,NL7HK
291,1,NL7HQ
291,1,NL7HU
291,1,NL7IB
291,1,NL7IE
291,1,NL7IH
291,1,NL7IN
291,1,NL7JB
291,1,NL7JE
291,1,NL7JH
291,1,NL7JJ
291,1,NL7JN
291,1,NL7JV
291,1,NL7JY
291,1,NL7KB
291,1,NL7KD
291,1,NL7KL
291,1,NL7KX
291,1,NL7KZ
291,1,NL7LC
291,1,NL7LE
291,1,NL7LJ
291,1,NL7LO
291,1,NL7LR
291,1,NL7LY
291,1,NL7MD
291,1,NL7MO
291,1,NL7MR
291,1,NL7MS
291,1,NL7MT
291,1,NL7MW
291,1,NL7N
291,1,NL7NJ
291,1,NL7NL
291,1,NL7NV
291,1,NL7O
291,1,NL7OB
291,1,NL7OE
291,1,NL7OF
291,1,NL7OM
291,1,NL7OP
291,1,NL7OS
291,1,NL7OT
291,1,NL7P
291,1,NL7PD
291,1,NL7PJ
291,1,NL7PN
291,1,NL7QC
291,1,NL7QF
291,1,NL7QI
291,1,NL7RC
291,1,NL7RL
291,1,NL7RN
291,1,NL7RO
291,1,NL7RQ
291,1,NL7SB
291,1,NL7SG
291,1,NL7SH
291,1,NL7SI
291,1,NL7SR
291,1,NL7SX
291,1,NL7T
291,1,NL7TD
291,1,NL7TK
291,1,NL7TO
291,1,NL7TP
291,1,NL7TT
291,1,NL7U
291,1,NL7UE
291,1,NL7UH
291,1,NL7UI
291,1,NL7UJ
291,1,NL7UP
291,1,NL7VL
291,1,NL7VP
291,1,NL7VR
291,1,NL7VS
291,1,NL7VV
291,1,NL7VX
291,1,NL7WA
291,1,NL7WJ
291,1,NL7WM
291,1,NL7WY
291,1,NL7XK
291,1,NL7XM
291,1,NL7XM/B
291,1,NL7XT
291,1,NL7XU
291,1,NL7XX
291,1,NL7YI
291,1,NL7YU
291,1,NL7YY
291,1,NL7YZ
291,1,NL7ZF
291,1,NL7ZG
291,1,NL7ZM
291,1,NL7ZN
291,1,NL7ZP
291,1,NL7ZZ
291,1,NL9H
291,1,NP2AA
291,1,NP2AK
291,1,NP2AU
291,1,NP2AV
291,1,NP2B
291,1,NP2BB
291,1,NP2BW
291,1,NP2CB
291,1,NP2CC
291,1,NP2CT
291,1,NP2D
291,1,NP2DB
291,1,NP2DK
291,1,NP2DW
291,1,NP2EI
291,1,NP2EM
291,1,NP2ET
291,1,NP2F
291,1,NP2FJ
291,1,NP2FT
291,1,NP2FV
291,1,NP2FZ
291,1,NP2G
291,1,NP2GA
291,1,NP2GG
291,1,NP2GI
291,1,NP2GM
291,1,NP2GW
291,1,NP2HI
291,1,NP2HQ
291,1,NP2HS
291,1,NP2HW
291,1,NP2I
291,1,NP2IE
291,1,NP2IF
291,1,NP2IJ
291,1,NP2IS
291,1,NP2IW
291,1,NP2IX
291,1,NP2JA
291,1,NP2JS
291,1,NP2JV
291,1,NP2KL
291,1,NP2KM
291,1,NP2KS
291,1,NP2KY
291,1,NP2L
291,1,NP2LC
291,1,NP2LK
291,1,NP2LW
291,1,NP2MM
291,1,NP2MN
291,1,NP2MP
291,1,NP2MR
291,1,NP2MU
291,1,NP2MY
291,1,NP2NC
291,1,NP2O
291,1,NP2OL
291,1,NP2OO
291,1,NP2OR
291,1,NP2PA
291,1,NP2PC
291,1,NP2PN
291,1,NP2PR
291,1,NP2RA
291,1,NP2T
291,1,NP2V
291,1,NP2W
291,1,NP2WJ
291,1,NP3AX
291,1,NP3BL
291,1,NP3C
291,1,NP3CM
291,1,NP3CT
291,1,NP3CV
291,1,NP3DD
291,1,NP3E
291,1,NP3ES
291,1,NP3EU
291,1,NP3FB
291,1,NP3FR
291,1,NP3G
291,1,NP3HD
291,1,NP3HN
291,1,NP3IL
291,1,NP3IP
291,1,NP3IU
291,1,NP3IV
291,1,NP3JL
291,1,NP3K
291,1,NP3KH
291,1,NP3KM
291,1,NP3KP
291,1,NP3LN
291,1,NP3LY
291,1,NP3MM
291,1,NP3NA
291,1,NP3NC
291,1,NP3NT
291,1,NP3OW
291,1,NP3PH
291,1,NP3QE
291,1,NP3QT
291,1,NP3R
291,1,NP3ST
291,1,NP3TM
291,1,NP3UM
291,1,NP3VJ
291,1,NP3WX
291,1,NP3XP
291,1,NP3XW
291,1,NP3YN
291,1,NP4AB
291,1,NP4AC
291,1,NP4AI
291,1,NP4AO
291,1,NP4AS
291,1,NP4AV
291,1,NP4AX
291,1,NP4AZ
291,1,NP4CC
291,1,NP4CK
291,1,NP4CV
291,1,NP4DM
291,1,NP4EA
291,1,NP4EM
291,1,NP4ES
291,1,NP4FP
291,1,NP4GH
291,1,NP4H
291,1,NP4I
291,1,NP4IR
291,1,NP4IT
291,1,NP4IW
291,1,NP4J
291,1,NP4JL
291,1,NP4JQ
291,1,NP4JU
291,1,NP4KM
291,1,NP4KP
291,1,NP4M
291,1,NP4ND
291,1,NP4NQ
291,1,NP4PF
291,1,NP4RH
291,1,NP4RJ
291,1,NP4RW
291,1,NP4RZ
291,1,NP4SY
291,1,NP4TR
291,1,NP4WB
291,1,NP4WT
291,1,NP4XE
291,1,NP4YZ
291,1,NP4Z/2
291,1,NP4ZC
291,1,NP4ZI
291,1,W6CAS/R7
291,1,WH0AAM
291,1,WH0AAR
291,1,WH0AAZ
291,1,WH0AI
291,1,WH0EWX
291,1,WH0M
291,1,WH0VL
291,1,WH0W
291,1,WH2A
291,1,WH2AAT
291,1,WH2ABI
291,1,WH2ABJ
291,1,WH2ABS
291,1,WH2ACV
291,1,WH2AJF
291,1,WH2ALN
291,1,WH2B
291,1,WH2C
291,1,WH2G
291,1,WH2J
291,1,WH2M
291,1,WH2S
291,1,WH2T
291,1,WH2U
291,1,WH2US
291,1,WH2W
291,1,WH2Z
291,1,WH6A
291,1,WH6AAJ
291,1,WH6ACF
291,1,WH6ADS
291,1,WH6AFM
291,1,WH6AIR
291,1,WH6AJS
291,1,WH6AKV
291,1,WH6AKZ
291,1,WH6AM
291,1,WH6ANA
291,1,WH6ANB
291,1,WH6ANH
291,1,WH6ARN
291,1,WH6ARU
291,1,WH6ASB
291,1,WH6AUL
291,1,WH6AVU
291,1,WH6AWF
291,1,WH6AWO
291,1,WH6AX
291,1,WH6AZN
291,1,WH6B
291,1,WH6BB
291,1,WH6BCB
291,1,WH6BDR
291,1,WH6BLM
291,1,WH6BLT
291,1,WH6BPL
291,1,WH6BPU
291,1,WH6BRQ
291,1,WH6BSZ
291,1,WH6BUL
291,1,WH6BXD
291,1,WH6BYJ
291,1,WH6BYP
291,1,WH6BYT
291,1,WH6C
291,1,WH6CCC
291,1,WH6CCQ
291,1,WH6CDU
291,1,WH6CE
291,1,WH6CEF
291,1,WH6CF
291,1,WH6CFK
291,1,WH6CIL
291,1,WH6CK
291,1,WH6CKR
291,1,WH6CMS
291,1,WH6CN
291,1,WH6CNC
291,1,WH6CNF
291,1,WH6CO
291,1,WH6COM
291,1,WH6CPO
291,1,WH6CPT
291,1,WH6CRE
291,1,WH6CT
291,1,WH6CTO
291,1,WH6CTU
291,1,WH6CUE
291,1,WH6CUF
291,1,WH6CUL
291,1,WH6CUS
291,1,WH6CUU
291,1,WH6CUX
291,1,WH6CVJ
291,1,WH6CWD
291,1,WH6CWS
291,1,WH6CXA
291,1,WH6CXB
291,1,WH6CXE
291,1,WH6CXT
291,1,WH6CYB
291,1,WH6CYR
291,1,WH6CZ
291,1,WH6CZF
291,1,WH6CZH
291,1,WH6CZI
291,1,WH6CZU
291,1,WH6DAP
291,1,WH6DAY
291,1,WH6DBX
291,1,WH6DCJ
291,1,WH6DD
291,1,WH6DHN
291,1,WH6DJO
291,1,WH6DKC
291,1,WH6DKG
291,1,WH6DKO
291,1,WH6DLQ
291,1,WH6DM
291,1,WH6DMJ
291,1,WH6DMP
291,1,WH6DMS
291,1,WH6DNF
291,1,WH6DOA
291,1,WH6DOC
291,1,WH6DOL
291,1,WH6DPA
291,1,WH6DQ
291,1,WH6DR
291,1,WH6DRP
291,1,WH6DSK
291,1,WH6DSN
291,1,WH6DSR
291,1,WH6DST
291,1,WH6DTH
291,1,WH6DUJ
291,1,WH6DUV
291,1,WH6DVM
291,1,WH6DVN
291,1,WH6DVO
291,1,WH6DWI
291,1,WH6DWQ
291,1,WH6DWR
291,1,WH6DXA
291,1,WH6DXJ
291,1,WH6DXK
291,1,WH6DXT
291,1,WH6DYA
291,1,WH6DYV
291,1,WH6DYX
291,1,WH6DYY
291,1,WH6DZ
291,1,WH6DZU
291,1,WH6DZV
291,1,WH6DZY
291,1,WH6E
291,1,WH6EAA
291,1,WH6EAE
291,1,WH6EAI
291,1,WH6EB
291,1,WH6EBA
291,1,WH6EBH
291,1,WH6EBX
291,1,WH6ECJ
291,1,WH6ECQ
291,1,WH6EDP
291,1,WH6EEC
291,1,WH6EEF
291,1,WH6EEG
291,1,WH6EEL
291,1,WH6EEN
291,1,WH6EFI
291,1,WH6EFX
291,1,WH6EFY
291,1,WH6EGM
291,1,WH6EHE
291,1,WH6EHT
291,1,WH6EHW
291,1,WH6EHY
291,1,WH6EI
291,1,WH6EID
291,1,WH6EIJ
291,1,WH6EIK
291,1,WH6EIN
291,1,WH6EIQ
291,1,WH6EJD
291,1,WH6EJK
291,1,WH6EJV
291,1,WH6EKB
291,1,WH6EKG
291,1,WH6EKI
291,1,WH6EKV
291,1,WH6EKW
291,1,WH6ELE
291,1,WH6ELG
291,1,WH6ELM
291,1,WH6EMF
291,1,WH6END
291,1,WH6ENG
291,1,WH6ENX
291,1,WH6EOF
291,1,WH6EOG
291,1,WH6EPI
291,1,WH6EQB
291,1,WH6EQE
291,1,WH6EQH
291,1,WH6EQW
291,1,WH6ERD
291,1,WH6ERG
291,1,WH6ERQ
291,1,WH6ERU
291,1,WH6ESS
291,1,WH6EST
291,1,WH6ETF
291,1,WH6ETO
291,1,WH6ETU
291,1,WH6EUA
291,1,WH6EVP
291,1,WH6EVX
291,1,WH6EWB
291,1,WH6EWC
291,1,WH6EWE
291,1,WH6EXJ
291,1,WH6EXQ
291,1,WH6EXZ
291,1,WH6EYJ
291,1,WH6EYL
291,1,WH6EZW
291,1,WH6FAD
291,1,WH6FAH
291,1,WH6FAM
291,1,WH6FAN
291,1,WH6FAT
291,1,WH6FBA
291,1,WH6FBM
291,1,WH6FCT
291,1,WH6FDU
291,1,WH6FEJ
291,1,WH6FEU
291,1,WH6FGK
291,1,WH6FGM
291,1,WH6FHF
291,1,WH6FIR
291,1,WH6FJR
291,1,WH6FJZ
291,1,WH6FKL
291,1,WH6FKT
291,1,WH6FL
291,1,WH6FOJ
291,1,WH6FPR
291,1,WH6FPS
291,1,WH6FPV
291,1,WH6FQ
291,1,WH6FQG
291,1,WH6FQH
291,1,WH6FQK
291,1,WH6FTF
291,1,WH6FTO
291,1,WH6FTZ
291,1,WH6FV
291,1,WH6FWD
291,1,WH6FXA
291,1,WH6FZL
291,1,WH6FZN
291,1,WH6FZY
291,1,WH6GAL
291,1,WH6GBC
291,1,WH6GCV
291,1,WH6GDA
291,1,WH6GEA
291,1,WH6GEZ
291,1,WH6GG
291,1,WH6GHG
291,1,WH6GHN
291,1,WH6GHO
291,1,WH6GID
291,1,WH6GIH
291,1,WH6GJD
291,1,WH6GJI
291,1,WH6GKB
291,1,WH6GKR
291,1,WH6GL
291,1,WH6GMZ
291,1,WH6GNA
291,1,WH6GOZ
291,1,WH6GQ
291,1,WH6GRC
291,1,WH6GSY
291,1,WH6GTV
291,1,WH6GTY
291,1,WH6GUA
291,1,WH6GUP
291,1,WH6GV
291,1,WH6GVX
291,1,WH6HA
291,1,WH6HQ
291,1,WH6IF
291,1,WH6IL
291,1,WH6IO
291,1,WH6IW
291,1,WH6IZ
291,1,WH6J
291,1,WH6JO
291,1,WH6JQ
291,1,WH6JV
291,1,WH6JW
291,1,WH6KA
291,1,WH6KC
291,1,WH6KK
291,1,WH6KN
291,1,WH6KO
291,1,WH6KQ
291,1,WH6L
291,1,WH6LAK
291,1,WH6LCM
291,1,WH6LE
291,1,WH6LH
291,1,WH6LJ
291,1,WH6LZ
291,1,WH6MA
291,1,WH6MM
291,1,WH6MS
291,1,WH6MW
291,1,WH6NA
291,1,WH6NE
291,1,WH6NU
291,1,WH6NZ
291,1,WH6O
291,1,WH6OA
291,1,WH6OB
291,1,WH6OH
291,1,WH6OQ
291,1,WH6OR
291,1,WH6OY
291,1,WH6PX
291,1,WH6PZC
291,1,WH6QA
291,1,WH6QB
291,1,WH6QS
291,1,WH6QV
291,1,WH6RF
291,1,WH6RN
291,1,WH6RU
291,1,WH6SB
291,1,WH6SD
291,1,WH6SKY
291,1,WH6SL
291,1,WH6SR
291,1,WH6SU
291,1,WH6SV
291,1,WH6SW
291,1,WH6TB
291,1,WH6TI
291,1,WH6TK
291,1,WH6TN
291,1,WH6U
291,1,WH6UC
291,1,WH6UD
291,1,WH6UO
291,1,WH6UR
291,1,WH6USA
291,1,WH6VC
291,1,WH6VH
291,1,WH6VL
291,1,WH6VM
291,1,WH6VN
291,1,WH6VR
291,1,WH6WB
291,1,WH6WHO
291,1,WH6WX
291,1,WH6XI
291,1,WH6XV
291,1,WH6XX
291,1,WH6YM
291,1,WH6YX
291,1,WH6ZF
291,1,WH6ZH
291,1,WH6ZR
291,1,WH6ZV
291,1,WH6ZW
291,1,WH7A
291,1,WH7AG
291,1,WH7CY
291,1,WH7DA
291,1,WH7DB
291,1,WH7DC
291,1,WH7DE
291,1,WH7DG
291,1,WH7DH
291,1,WH7DW
291,1,WH7F
291,1,WH7G
291,1,WH7GC
291,1,WH7GD
291,1,WH7GY
291,1,WH7HQ
291,1,WH7HU
291,1,WH7HX
291,1,WH7IN
291,1,WH7IR
291,1,WH7IV
291,1,WH7IZ
291,1,WH7JJ
291,1,WH7L
291,1,WH7LB
291,1,WH7LP
291,1,WH7MZ
291,1,WH7NI
291,1,WH7NS
291,1,WH7OK
291,1,WH7OO
291,1,WH7P
291,1,WH7PM
291,1,WH7PV
291,1,WH7PY
291,1,WH7QC
291,1,WH7R
291,1,WH7RG
291,1,WH7RR
291,1,WH7RU
291,1,WH7TC
291,1,WH7TK
291,1,WH7TN
291,1,WH7TP
291,1,WH7TR
291,1,WH7TT
291,1,WH7TY
291,1,WH7UP
291,1,WH7UZ
291,1,WH7VM
291,1,WH7VU
291,1,WH7WP
291,1,WH7WT
291,1,WH7XK
291,1,WH7XO
291,1,WH7XP
291,1,WH7XR
291,1,WH7XU
291,1,WH7YL
291,1,WH7YM
291,1,WH7YN
291,1,WH7YQ
291,1,WH7YR
291,1,WH7YV
291,1,WH7ZP
291,1,WH7ZS
291,1,WH8AAG
291,1,WH8AAH
291,1,WH8ABA
291,1,WH9AAF
291,1,WH9AAH
291,1,WL0JF
291,1,WL0L
291,1,WL1M
291,1,WL1ON
291,1,WL2NAS
291,1,WL3T
291,1,WL4B
291,1,WL4JC
291,1,WL4JD
291,1,WL4T
291,1,WL4X
291,1,WL5E
291,1,WL5H
291,1,WL7A
291,1,WL7AAW
291,1,WL7ACO
291,1,WL7ACQ
291,1,WL7AEC
291,1,WL7AF
291,1,WL7AG
291,1,WL7AGO
291,1,WL7AHP
291,1,WL7AIG
291,1,WL7AIT
291,1,WL7AIU
291,1,WL7AJA
291,1,WL7AL
291,1,WL7ANY
291,1,WL7AO
291,1,WL7AQ
291,1,WL7AS
291,1,WL7AT
291,1,WL7ATK
291,1,WL7AUL
291,1,WL7AUY
291,1,WL7AWC
291,1,WL7AWD
291,1,WL7AX
291,1,WL7AXI
291,1,WL7AZG
291,1,WL7AZL
291,1,WL7B
291,1,WL7BA
291,1,WL7BBD
291,1,WL7BBV
291,1,WL7BCR
291,1,WL7BDG
291,1,WL7BDH
291,1,WL7BEV
291,1,WL7BFI
291,1,WL7BGD
291,1,WL7BGF
291,1,WL7BHI
291,1,WL7BHJ
291,1,WL7BHR
291,1,WL7BKF
291,1,WL7BLM
291,1,WL7BM
291,1,WL7BNQ
291,1,WL7BON
291,1,WL7BOO
291,1,WL7BPY
291,1,WL7BRV
291,1,WL7BSW
291,1,WL7BSZ
291,1,WL7BT
291,1,WL7BUI
291,1,WL7BVN
291,1,WL7BVS
291,1,WL7BYD
291,1,WL7BYO
291,1,WL7BYZ
291,1,WL7BZ
291,1,WL7C
291,1,WL7CAZ
291,1,WL7CC
291,1,WL7CES
291,1,WL7CFM
291,1,WL7CFO
291,1,WL7CGU
291,1,WL7CHA
291,1,WL7CIA
291,1,WL7CIB
291,1,WL7CJA
291,1,WL7CJY
291,1,WL7CKJ
291,1,WL7CL
291,1,WL7CLI
291,1,WL7CMV
291,1,WL7COL
291,1,WL7COQ
291,1,WL7CPA
291,1,WL7CPE
291,1,WL7CPI
291,1,WL7CPL
291,1,WL7CQE
291,1,WL7CQF
291,1,WL7CQH
291,1,WL7CQK
291,1,WL7CQT
291,1,WL7CRJ
291,1,WL7CRT
291,1,WL7CSD
291,1,WL7CSL
291,1,WL7CTA
291,1,WL7CTB
291,1,WL7CTC
291,1,WL7CTE
291,1,WL7CTP
291,1,WL7CTQ
291,1,WL7CUY
291,1,WL7CVD
291,1,WL7D
291,1,WL7DD
291,1,WL7DE
291,1,WL7DO
291,1,WL7DW
291,1,WL7EA
291,1,WL7EKK
291,1,WL7FC
291,1,WL7FE
291,1,WL7FI
291,1,WL7FR
291,1,WL7FU
291,1,WL7GH
291,1,WL7GT
291,1,WL7GV
291,1,WL7GX
291,1,WL7H
291,1,WL7HB
291,1,WL7HC
291,1,WL7HE
291,1,WL7HK
291,1,WL7HL
291,1,WL7I
291,1,WL7IG
291,1,WL7II
291,1,WL7IO
291,1,WL7IP
291,1,WL7IQ
291,1,WL7IS
291,1,WL7IV
291,1,WL7JAN
291,1,WL7JB
291,1,WL7JE
291,1,WL7JF
291,1,WL7JG
291,1,WL7JJ
291,1,WL7JL
291,1,WL7JM
291,1,WL7K
291,1,WL7KG
291,1,WL7KM
291,1,WL7KS
291,1,WL7KV
291,1,WL7LB
291,1,WL7LH
291,1,WL7LK
291,1,WL7LX
291,1,WL7LZ
291,1,WL7M
291,1,WL7MA
291,1,WL7ME
291,1,WL7MN
291,1,WL7MP
291,1,WL7NL
291,1,WL7NP
291,1,WL7OA
291,1,WL7OG
291,1,WL7OP
291,1,WL7OS
291,1,WL7OT
291,1,WL7OU
291,1,WL7P
291,1,WL7PA
291,1,WL7PJ
291,1,WL7QC
291,1,WL7QF
291,1,WL7QX
291,1,WL7RA
291,1,WL7RS
291,1,WL7SA
291,1,WL7SD
291,1,WL7SF
291,1,WL7SG
291,1,WL7SO
291,1,WL7SR
291,1,WL7SV
291,1,WL7TD
291,1,WL7TG
291,1,WL7U
291,1,WL7UM
291,1,WL7UN
291,1,WL7US
291,1,WL7UU
291,1,WL7VC
291,1,WL7VK
291,1,WL7VU
291,1,WL7VV
291,1,WL7W
291,1,WL7WB
291,1,WL7WD
291,1,WL7WF
291,1,WL7WG
291,1,WL7WK
291,1,WL7WL
291,1,WL7WM
291,1,WL7WN
291,1,WL7WS
291,1,WL7WU
291,1,WL7XC
291,1,WL7XE
291,1,WL7XI
291,1,WL7XJ
291,1,WL7XO
291,1,WL7XR
291,1,WL7XW
291,1,WL7XZ
291,1,WL7YM
291,1,WL7YQ
291,1,WL7YX
291,1,WL7Z
291,1,WL7ZM
291,1,WL9N
291,1,WP2AAO
291,1,WP2AAT
291,1,WP2ADG
291,1,WP2AFZ
291,1,WP2AGD
291,1,WP2AGO
291,1,WP2AGY
291,1,WP2AHC
291,1,WP2AHG
291,1,WP2AHH
291,1,WP2AIL
291,1,WP2C
291,1,WP2F
291,1,WP2FLY
291,1,WP2H
291,1,WP2J
291,1,WP2L
291,1,WP2MA
291,1,WP2MG
291,1,WP2N
291,1,WP2P
291,1,WP2Q
291,1,WP2R
291,1,WP2U
291,1,WP2WP
291,1,WP3AC
291,1,WP3AL
291,1,WP3AY
291,1,WP3BC
291,1,WP3BX
291,1,WP3CC
291,1,WP3D
291,1,WP3DW
291,1,WP3EC
291,1,WP3FK
291,1,WP3GN
291,1,WP3HG
291,1,WP3HL
291,1,WP3IK
291,1,WP3IM
291,1,WP3JE
291,1,WP3JM
291,1,WP3JN
291,1,WP3JU
291,1,WP3K
291,1,WP3KE
291,1,WP3KU
291,1,WP3LE
291,1,WP3MB
291,1,WP3MD
291,1,WP3NN
291,1,WP3O
291,1,WP3OG
291,1,WP3OV
291,1,WP3PF
291,1,WP3PM
291,1,WP3PW
291,1,WP3QE
291,1,WP3QH
291,1,WP3QV
291,1,WP3RG
291,1,WP3RJ
291,1,WP3ST
291,1,WP3TQ
291,1,WP3U
291,1,WP3VU
291,1,WP3WE
291,1,WP3WV
291,1,WP3WZ
291,1,WP3ZA
291,1,WP3ZF
291,1,WP3ZI
291,1,WP3ZK
291,1,WP3ZL
291,1,WP3ZO
291,1,WP4A
291,1,WP4ADA
291,1,WP4ADN
291,1,WP4AIE
291,1,WP4AIL
291,1,WP4AIZ
291,1,WP4AKE
291,1,WP4ALH
291,1,WP4AMQ
291,1,WP4APJ
291,1,WP4AZJ
291,1,WP4B
291,1,WP4BAB
291,1,WP4BAT
291,1,WP4BC
291,1,WP4BD
291,1,WP4BF
291,1,WP4BFP
291,1,WP4BGM
291,1,WP4BIN
291,1,WP4BJS
291,1,WP4BK
291,1,WP4BMU
291,1,WP4BNI
291,1,WP4BOC
291,1,WP4BQV
291,1,WP4BTQ
291,1,WP4BZ
291,1,WP4BZG
291,1,WP4CB
291,1,WP4CG
291,1,WP4CGI
291,1,WP4CJH
291,1,WP4CJY
291,1,WP4CKD
291,1,WP4CKW
291,1,WP4CLS
291,1,WP4CMH
291,1,WP4CNA
291,1,WP4DC
291,1,WP4DCB
291,1,WP4DCK
291,1,WP4DFC
291,1,WP4DME
291,1,WP4DMV
291,1,WP4DNE
291,1,WP4DPX
291,1,WP4DQB
291,1,WP4DYP
291,1,WP4EDM
291,1,WP4ENX
291,1,WP4EVA
291,1,WP4EVL
291,1,WP4EXH
291,1,WP4EYW
291,1,WP4FE
291,1,WP4FEI
291,1,WP4FKH
291,1,WP4FL
291,1,WP4FRK
291,1,WP4FS
291,1,WP4GAK
291,1,WP4GER
291,1,WP4GFH
291,1,WP4GJL
291,1,WP4GQR
291,1,WP4GX
291,1,WP4GYA
291,1,WP4HFZ
291,1,WP4HNF
291,1,WP4HNN
291,1,WP4HOX
291,1,WP4HRK
291,1,WP4HSQ
291,1,WP4HSZ
291,1,WP4HXS
291,1,WP4IER
291,1,WP4IF
291,1,WP4IJK
291,1,WP4IK
291,1,WP4ILP
291,1,WP4IRU
291,1,WP4IVW
291,1,WP4IXT
291,1,WP4IYE
291,1,WP4IYJ
291,1,WP4JC
291,1,WP4JF
291,1,WP4JKO
291,1,WP4JKT
291,1,WP4JMM
291,1,WP4JMV
291,1,WP4JNB
291,1,WP4JOH
291,1,WP4JSR
291,1,WP4JSV
291,1,WP4JT
291,1,WP4JVV
291,1,WP4KAY
291,1,WP4KBX
291,1,WP4KCJ
291,1,WP4KDH
291,1,WP4KEK
291,1,WP4KFP
291,1,WP4KGE
291,1,WP4KGI
291,1,WP4KHN
291,1,WP4KI
291,1,WP4KJR
291,1,WP4KJV
291,1,WP4KKX
291,1,WP4KNC
291,1,WP4KOH
291,1,WP4KPK
291,1,WP4KQ
291,1,WP4KRZ
291,1,WP4KSP
291,1,WP4KSU
291,1,WP4KTU
291,1,WP4KXP
291,1,WP4KXX
291,1,WP4KYC
291,1,WP4KZZ
291,1,WP4LBK
291,1,WP4LC
291,1,WP4LDG
291,1,WP4LDL
291,1,WP4LDP
291,1,WP4LE
291,1,WP4LEO
291,1,WP4LEY
291,1,WP4LFO
291,1,WP4LHA
291,1,WP4LHF
291,1,WP4LLA
291,1,WP4LLB
291,1,WP4LMC
291,1,WP4LMU
291,1,WP4LNP
291,1,WP4LOD
291,1,WP4LOG
291,1,WP4LSQ
291,1,WP4LTA
291,1,WP4LYI
291,1,WP4MD
291,1,WP4MDT
291,1,WP4MDY
291,1,WP4MJP
291,1,WP4MJX
291,1,WP4MKJ
291,1,WP4MMV
291,1,WP4MNV
291,1,WP4MOC
291,1,WP4MQF
291,1,WP4MQX
291,1,WP4MSD
291,1,WP4MSX
291,1,WP4MTN
291,1,WP4MUJ
291,1,WP4MVE
291,1,WP4MVQ
291,1,WP4MVV
291,1,WP4MWB
291,1,WP4MWE
291,1,WP4MWS
291,1,WP4MXE
291,1,WP4MYG
291,1,WP4MYI
291,1,WP4MYK
291,1,WP4MYL
291,1,WP4MYM
291,1,WP4MYN
291,1,WP4NAE
291,1,WP4NAI
291,1,WP4NAK
291,1,WP4NAQ
291,1,WP4NBF
291,1,WP4NBG
291,1,WP4NBP
291,1,WP4NBS
291,1,WP4NEG
291,1,WP4NIB
291,1,WP4NKU
291,1,WP4NKW
291,1,WP4NPV
291,1,WP4NQL
291,1,WP4NUV
291,1,WP4NVL
291,1,WP4NWV
291,1,WP4NWW
291,1,WP4NXG
291,1,WP4NYQ
291,1,WP4NYS
291,1,WP4NYT
291,1,WP4NYU
291,1,WP4NYY
291,1,WP4NZF
291,1,WP4OAT
291,1,WP4OBC
291,1,WP4OBD
291,1,WP4OBH
291,1,WP4OCO
291,1,WP4OCZ
291,1,WP4ODR
291,1,WP4ODT
291,1,WP4OEO
291,1,WP4OFA
291,1,WP4OFH
291,1,WP4OFL
291,1,WP4OHJ
291,1,WP4OJK
291,1,WP4OKB
291,1,WP4OKI
291,1,WP4OKS
291,1,WP4OLM
291,1,WP4OLN
291,1,WP4OMG
291,1,WP4OMV
291,1,WP4ONR
291,1,WP4OOI
291,1,WP4OPD
291,1,WP4OPF
291,1,WP4OPY
291,1,WP4OQH
291,1,WP4ORZ
291,1,WP4OSB
291,1,WP4OSH
291,1,WP4OTP
291,1,WP4OTQ
291,1,WP4OUE
291,1,WP4OXA
291,1,WP4OZK
291,1,WP4OZP
291,1,WP4P
291,1,WP4PEP
291,1,WP4PGY
291,1,WP4PHS
291,1,WP4PID
291,1,WP4PJE
291,1,WP4PLR
291,1,WP4PPH
291,1,WP4PR
291,1,WP4PRA
291,1,WP4PRV
291,1,WP4PRX
291,1,WP4PSN
291,1,WP4PUR
291,1,WP4PUV
291,1,WP4PWN
291,1,WP4PWS
291,1,WP4PWV
291,1,WP4PXG
291,1,WP4PYL
291,1,WP4PYM
291,1,WP4PYU
291,1,WP4PYV
291,1,WP4PYZ
291,1,WP4PZA
291,1,WP4PZD
291,1,WP4QER
291,1,WP4QGV
291,1,WP4QHU
291,1,WP4QLB
291,1,WP4QQA
291,1,WP4R
291,1,WP4RNL
291,1,WP4RON
291,1,WP4ROR
291,1,WP4RPD
291,1,WP4RPX
291,1,WP4RQ
291,1,WP4RRR
291,1,WP4TD
291,1,WP4TGK
291,1,WP4TX
291,1,WP4UC
291,1,WP4UFO
291,1,WP4UM
291,1,WP4VL
291,1,WP4VM
291,1,WP4VW
291,1,WP4XF
291,1,WP4YG
291,1,WP4ZW
105,0,KG4
166,0,AH0
166,0,KH0
166,0,NH0
166,0,WH0
166,1,AH2U
166,1,KO6JPQ
166,1,NA1M
166,1,NB9G
166,1,NH2B
166,1,NO3V
20,0,AH1
20,0,KH1
20,0,NH1
20,0,WH1
103,0,AH2
103,0,KH2
103,0,NH2
103,0,WH2
103,1,KG6DX
103,1,KG6JDX
103,1,KH0UM
103,1,KH6KK
123,0,AH3
123,0,KH3
123,0,NH3
123,0,WH3
174,0,AH4
174,0,KH4
174,0,NH4
174,0,WH4
197,0,AH5
197,0,KH5
197,0,NH5
197,0,WH5
110,0,AH6
110,0,AH7
110,0,KH6
110,0,KH7
110,0,NH6
110,0,NH7
110,0,WH6
110,0,WH7
110,1,AG7XY
110,1,K1BAM
110,1,K2GT
110,1,K4RPB
110,1,K4XV
110,1,KB0TBA
110,1,KB0VKF
110,1,KB2DJE
110,1,KB6EGA
110,1,KC0QZS
110,1,KC0RKB
110,1,KC1EGP
110,1,KC1EGQ
110,1,KE6FZD
110,1,KF6AST
110,1,KG5DVX
110,1,KG5GBZ
110,1,KG7WCF
110,1,KH0WJ
110,1,KH3AE
110,1,KH8DN
110,1,KI6AMI
110,1,KI6AMJ
110,1,KI6BGQ
110,1,KJ6FIP
110,1,KK4PEQ
110,1,KK6MZE
110,1,KK6PSW
110,1,KM4HKQ
110,1,KN3VER
110,1,KN4FTF
110,1,KN4MTF
110,1,KN6KCA
110,1,KO4V
110,1,KT4GL
110,1,N2HNQ
110,1,N4ZSU
110,1,N6KB
110,1,N6URO
110,1,N6UYY
110,1,N8YCF
110,1,N9PK
110,1,NV2T
110,1,WA6QDQ
110,1,WB4JTT
110,1,WB7N
110,1,WV6K
138,0,AH7K
138,0,KH7K
138,0,NH7K
138,0,WH7K
9,0,AH8
9,0,KH8
9,0,NH8
9,0,WH8
515,1,K9CS/KH8S
297,0,AH9
297,0,KH9
297,0,NH9
297,0,WH9
6,0,AL
6,0,KL
6,0,NL
6,0,WL
6,1,AD4BL
6,1,AI7YJ
6,1,K1LH
6,1,K1TAQ
6,1,K6JPB
6,1,K7HFU
6,1,K7ZVZ
6,1,KA1NCN
6,1,KA2ZSD
6,1,KB6KSD
6,1,KC5SGK
6,1,KC7CRS
6,1,KC9GMO
6,1,KD4FX
6,1,KD7CYC
6,1,KD9CVY
6,1,KD9FBI
6,1,KE0GUV
6,1,KF7HGP
6,1,KF7HGR
6,1,KF8ENL
6,1,KG7PAF
6,1,KG7PAH
6,1,KG7TLW
6,1,KH6RF
6,1,KI5SXN
6,1,KI7KPB
6,1,KJ7IEZ
6,1,KK6WJY
6,1,KK7GYU
6,1,KK7TSX
6,1,KM4UMZ
6,1,KN4ICW
6,1,KN6NFQ
6,1,KN6PHX
6,1,KO4BJA
6,1,KR4CNM
6,1,KT5Z
6,1,KZ4DP
6,1,KZ7MFL
6,1,N1TX
6,1,N5UC
6,1,N6MHR
6,1,N7DKL
6,1,N7RNG
6,1,NN7C
6,1,W1TJW
6,1,W5MFH
6,1,WA6TUX
6,1,WB1BR
6,1,WX4ICE
182,0,KP1
182,0,NP1
182,0,WP1
285,0,KP2
285,0,NP2
285,0,WP2
285,1,K4JWO
285,1,K9VV
202,0,KP3
202,0,KP4
202,0,NP3
202,0,NP4
202,0,WP3
202,0,WP4
202,1,K2IDA
202,1,K4VIC
202,1,K9P
202,1,KD2VAF
202,1,KF9EM
202,1,KK6USA
202,1,KM4DNE
202,1,KP2Z
202,1,N4UXG
202,1,N7BPT
202,1,NP2R/4
202,1,W4I
202,1,WP3S/DOC
43,0,KP5
43,0,NP5
43,0,WP5
266,0,LA
266,0,LB
266,0,LC
266,0,LD
266,0,LE
266,0,LF
266,0,LG
266,0,LH
266,0,LI
266,0,LJ
266,0,LK
266,0,LL
266,0,LM
266,0,LN
100,0,AY
100,0,AZ
100,0,L1
100,0,L2
100,0,L3
100,0,L4
100,0,L5
100,0,L6
100,0,L7
100,0,L8
100,0,L9
100,0,LO
100,0,LP
100,0,LQ
100,0,LR
100,0,LS
100,0,LT
100,0,LU
100,0,LV
100,0,LW
100,1,LU1AAS/XP
100,1,LU1AM/D
100,1,LU1ANG/D
100,1,LU1ANG/S
100,1,LU1APS/H
100,1,LU1AW/D
100,1,LU1DHL/W
100,1,LU1DUA/D
100,1,LU1DXG/D
100,1,LU1EAF/D
100,1,LU1EJK/K
100,1,LU1JCE/O
100,1,LU1MAW/D
100,1,LU1UG/U
100,1,LU1UU/D
100,1,LU1VOF/D
100,1,LU1VZ/V
100,1,LU1XMO/XA
100,1,LU1XOP/D
100,1,LU2DGI/D
100,1,LU2DT/D
100,1,LU2HDM/H
100,1,LU2IKP/I
100,1,LU2WA/W
100,1,LU3AJL/D
100,1,LU3CT/D
100,1,LU3DXG/D
100,1,LU3EMN/W
100,1,LU3EMN/XA
100,1,LU3EU/D
100,1,LU3EU/E
100,1,LU3HBC/U
100,1,LU3HGB/H
100,1,LU3HGB/V
100,1,LU3HT/H
100,1,LU4ARU/D
100,1,LU4DPL/H
100,1,LU4DQ/D
100,1,LU4HDE/H
100,1,LU4HK/H
100,1,LU4SCM/S
100,1,LU5JU/L
100,1,LU5VNL/V
100,1,LU6DO/V
100,1,LU6HL/H
100,1,LU6HPA/H
100,1,LU6UVI/D
100,1,LU7AA/D
100,1,LU7AA/G
100,1,LU7AA/Y
100,1,LU7CC/E
100,1,LU7DEV/D
100,1,LU7DZV/D
100,1,LU7EYX/D
100,1,LU7HKH/H
100,1,LU7VRC/V
100,1,LU8ACH/D
100,1,LU8DAL/D
100,1,LU8DCH/D
100,1,LU8EHV/D
100,1,LU8GTA/D
100,1,LU8SAM/S
100,1,LU8YE/Y
100,1,LU9CNS/D
100,1,LU9CNS/S
100,1,LU9DCA/D
100,1,LU9DEW/D
100,1,LU9EHB/D
100,1,LU9IMM/L
100,1,LU9WT/XA
100,1,LU9XEK/W
100,1,LW2DJG/D
100,1,LW2DMD/D
100,1,LW2DMS/D
100,1,LW2DO/D
100,1,LW2EDM/D
100,1,LW3DMV/D
100,1,LW3EMP/I
100,1,LW5ECI/D
100,1,LW6DGA/D
100,1,LW6DGI/D
100,1,LW6EGE/D
100,1,LW8HBE/H
100,1,LW9EVV/D
254,0,LX
146,0,LY
212,0,LZ
136,0,4T
136,0,OA
136,0,OB
136,0,OC
354,0,OD
206,0,OE
206,1,4U0IARU
206,1,4U0R
206,1,4U1A
206,1,4U1VIC
206,1,4U2U
206,1,4Y1A
206,1,C7A
224,0,OF
224,0,OG
224,0,OH
224,0,OI
224,0,OJ
5,0,OF0
5,0,OG0
5,0,OH0
5,0,OI0
167,0,OJ0
503,0,OK
503,0,OL
504,0,OM
209,0,ON
209,0,OO
209,0,OP
209,0,OQ
209,0,OR
209,0,OS
209,0,OT
237,0,OX
237,0,XP
222,0,OW
222,0,OY
221,0,5P
221,0,5Q
221,0,OU
221,0,OV
221,0,OZ
163,0,P2
91,0,P4
344,0,P5
344,0,P6
344,0,P7
344,0,P8
344,0,P9
263,0,PA
263,0,PB
263,0,PC
263,0,PD
263,0,PE
263,0,PF
263,0,PG
263,0,PH
263,0,PI
263,1,PI4ZWN/MILL
517,0,PJ2
520,0,PJ4
519,0,PJ5
519,0,PJ6
518,0,PJ0
518,0,PJ7
518,0,PJ8
108,0,PP
108,0,PQ
108,0,PR
108,0,PS
108,0,PT
108,0,PU
108,0,PV
108,0,PW
108,0,PX
108,0,PY
108,0,ZV
108,0,ZW
108,0,ZX
108,0,ZY
108,0,ZZ
56,0,PP0F
56,0,PP0ZF
56,0,PQ0F
56,0,PQ0ZF
56,0,PR0F
56,0,PR0ZF
56,0,PS0F
56,0,PS0ZF
56,0,PT0F
56,0,PT0ZF
56,0,PU0F
56,0,PU0ZF
56,0,PV0F
56,0,PV0ZF
56,0,PW0F
56,0,PW0ZF
56,0,PX0F
56,0,PX0ZF
56,0,PY0F
56,0,PY0Z
56,0,ZV0F
56,0,ZV0ZF
56,0,ZW0F
56,0,ZW0ZF
56,0,ZX0F
56,0,ZX0ZF
56,0,ZY0F
56,0,ZY0Z
56,0,ZZ0F
56,0,ZZ0ZF
253,0,PP0S
253,0,PP0ZS
253,0,PQ0S
253,0,PQ0ZS
253,0,PR0S
253,0,PR0ZS
253,0,PS0S
253,0,PS0ZS
253,0,PT0S
253,0,PT0ZS
253,0,PU0S
253,0,PU0ZS
253,0,PV0S
253,0,PV0ZS
253,0,PW0S
253,0,PW0ZS
253,0,PX0S
253,0,PX0ZS
253,0,PY0S
253,0,PY0ZS
253,0,ZV0S
253,0,ZV0ZS
253,0,ZW0S
253,0,ZW0ZS
253,0,ZX0S
253,0,ZX0ZS
253,0,ZY0S
253,0,ZY0ZS
253,0,ZZ0S
253,0,ZZ0ZS
273,0,PP0T
273,0,PP0ZT
273,0,PQ0T
273,0,PQ0ZT
273,0,PR0T
273,0,PR0ZT
273,0,PS0T
273,0,PS0ZT
273,0,PT0T
273,0,PT0ZT
273,0,PU0T
273,0,PU0ZT
273,0,PV0T
273,0,PV0ZT
273,0,PW0T
273,0,PW0ZT
273,0,PX0T
273,0,PX0ZT
273,0,PY0T
273,0,PY0ZT
273,0,ZV0T
273,0,ZV0ZT
273,0,ZW0T
273,0,ZW0ZT
273,0,ZX0T
273,0,ZX0ZT
273,0,ZY0T
273,0,ZY0ZT
273,0,ZZ0T
273,0,ZZ0ZT
140,0,PZ
666,0,0
666,0,10G
666,0,50V
666,0,MAJ
666,0,P1
666,0,Q
666,0,SSB
666,0,T0
666,0,X8
61,0,RI1F
302,0,S0
305,0,S2
305,0,S3
499,0,S5
379,0,S7
219,0,S9
284,0,7S
284,0,8S
284,0,SA
284,0,SB
284,0,SC
284,0,SD
284,0,SE
284,0,SF
284,0,SG
284,0,SH
284,0,SI
284,0,SJ
284,0,SK
284,0,SL
284,0,SM
269,0,3Z
269,0,HF
269,0,SN
269,0,SO
269,0,SP
269,0,SQ
269,0,SR
466,0,6T
466,0,6U
466,0,ST
478,0,6A
478,0,6B
478,0,SS
478,0,SU
236,0,J4
236,0,SV
236,0,SW
236,0,SX
236,0,SY
236,0,SZ
180,1,SV2RSG/A
45,0,J45
45,0,SV5
45,0,SW5
45,0,SX5
45,0,SY5
45,0,SZ5
40,0,J49
40,0,SV9
40,0,SW9
40,0,SX9
40,0,SY9
40,0,SZ9
40,1,SV0XAZ
282,0,T2
301,0,T30
31,0,T31
48,0,T32
490,0,T33
232,0,6O
232,0,T5
278,0,T7
22,0,T8
390,0,TA
390,0,TB
390,0,TC
390,0,YM
390,1,TA1AO/4
242,0,TF
76,0,TD
76,0,TG
308,0,TE
308,0,TI
37,0,TE9
37,0,TI9
406,0,TJ
214,0,TK
408,0,TL
412,0,TN
420,0,TR
410,0,TT
428,0,TU
416,0,TY
442,0,TZ
54,0,R
54,0,U
54,1,RI0SP
54,1,RT8U/3
54,1,UA9CHL/6
54,1,R026NY
54,1,R8MB/1
54,1,R900BL
54,1,R900DM
54,1,R900DV
54,1,R900OI
54,1,R900RO
54,1,R9GM/6
54,1,R9JQ/6
54,1,R9KC/6
54,1,R9OM/6
54,1,RA3X/1
54,1,RW8T/1
54,1,UE26HNY
54,1,UE26NY
54,1,UE83AWD
54,1,UE83M
54,1,UE83ML
126,0,R2F
126,0,R2K
126,0,RA2
126,0,RC2F
126,0,RC2K
126,0,RD2F
126,0,RD2K
126,0,RE2F
126,0,RE2K
126,0,RF2F
126,0,RF2K
126,0,RG2F
126,0,RG2K
126,0,RJ2F
126,0,RJ2K
126,0,RK2F
126,0,RK2K
126,0,RL2F
126,0,RL2K
126,0,RM2F
126,0,RM2K
126,0,RN2F
126,0,RN2K
126,0,RO2F
126,0,RO2K
126,0,RQ2F
126,0,RQ2K
126,0,RT2F
126,0,RT2K
126,0,RU2F
126,0,RU2K
126,0,RV2F
126,0,RV2K
126,0,RW2F
126,0,RW2K
126,0,RX2F
126,0,RX2K
126,0,RY2F
126,0,RY2K
126,0,RZ2F
126,0,RZ2K
126,0,U2F
126,0,U2K
126,0,UA2
126,0,UB2
126,0,UC2
126,0,UD2
126,0,UE2
126,0,UF2
126,0,UG2
126,0,UH2
126,0,UI2
126,1,R2MWO
15,0,R0
15,0,R8
15,0,R9
15,0,RA0
15,0,RA8
15,0,RA9
15,0,RC0
15,0,RC8
15,0,RC9
15,0,RD0
15,0,RD8
15,0,RD9
15,0,RE0
15,0,RE8
15,0,RE9
15,0,RF0
15,0,RF8
15,0,RF9
15,0,RG0
15,0,RG8
15,0,RG9
15,0,RI0
15,0,RI8
15,0,RI9
15,0,RJ0
15,0,RJ8
15,0,RJ9
15,0,RK0
15,0,RK8
15,0,RK9
15,0,RL0
15,0,RL8
15,0,RL9
15,0,RM0
15,0,RM8
15,0,RM9
15,0,RN0
15,0,RN8
15,0,RN9
15,0,RO0
15,0,RO8
15,0,RO9
15,0,RQ0
15,0,RQ8
15,0,RQ9
15,0,RT0
15,0,RT8
15,0,RT9
15,0,RU0
15,0,RU8
15,0,RU9
15,0,RV0
15,0,RV8
15,0,RV9
15,0,RW0
15,0,RW8
15,0,RW9
15,0,RX0
15,0,RX8
15,0,RX9
15,0,RY0
15,0,RY8
15,0,RY9
15,0,RZ0
15,0,RZ8
15,0,RZ9
15,0,U0
15,0,U8
15,0,U9
15,0,UA0
15,0,UA8
15,0,UA9
15,0,UB0
15,0,UB8
15,0,UB9
15,0,UC0
15,0,UC8
15,0,UC9
15,0,UD0
15,0,UD8
15,0,UD9
15,0,UE0
15,0,UE8
15,0,UE9
15,0,UF0
15,0,UF8
15,0,UF9
15,0,UG0
15,0,UG8
15,0,UG9
15,0,UH0
15,0,UH8
15,0,UH9
15,0,UI0
15,0,UI8
15,0,UI9
15,1,R0KA/9
15,1,R0FBA/9
15,1,R0MR/P
15,1,R2026X
15,1,R35EMER
15,1,R35KCHS
15,1,R35MCHS
15,1,R3CI/0
15,1,R4DB/8
15,1,R5AF/0
15,1,RC5B/8
15,1,RG0C/P
15,1,RK4PA/9
15,1,RR9O
15,1,RU4B/4
15,1,RV3DSA/0
15,1,RX0TX/P
15,1,RX9WT/P
15,1,UD6AOP/0
292,0,UJ
292,0,UK
292,0,UL
292,0,UM
130,0,UN
130,0,UO
130,0,UP
130,0,UQ
288,0,EM
288,0,EN
288,0,EO
288,0,U5
288,0,UR
288,0,US
288,0,UT
288,0,UU
288,0,UV
288,0,UW
288,0,UX
288,0,UY
288,0,UZ
94,0,V2
66,0,V3
249,0,V4
464,0,V5
173,0,V6
168,0,V7
345,0,V8
1,0,CF
1,0,CG
1,0,CJ
1,0,CK
1,0,VA
1,0,VB
1,0,VC
1,0,VE
1,0,VG
1,0,VX
1,0,VY9
1,0,XL
1,0,XM
1,0,CH1
1,0,CH2
1,0,CI0
1,0,CI1
1,0,CI2
1,0,CY1
1,0,CY2
1,0,CZ0
1,0,CZ1
1,0,CZ2
1,0,VD1
1,0,VD2
1,0,VF1
1,0,VF2
1,0,VO1
1,0,VO2
1,0,VY0
1,0,VY1
1,0,VY2
1,0,XJ1
1,0,XJ2
1,0,XK0
1,0,XK1
1,0,XK2
1,0,XN1
1,0,XN2
1,0,XO0
1,0,XO1
1,0,XO2
1,1,VE2PID/3
1,1,VE2XB/2
150,0,AX
150,0,VI
150,0,VJ
150,0,VK
150,0,VL
111,1,VK0EK
153,1,VK0MQ
38,0,AX9C
38,0,AX9Y
38,0,VI9C
38,0,VI9Y
38,0,VK9C
38,0,VK9FC
38,0,VK9KC
38,0,VK9Y
38,0,VK9ZY
38,0,VZ9Y
38,1,VK9FISH
147,0,VK9FL
147,1,VK4YQS
171,0,AX9M
171,0,VI9M
171,0,VK9M
171,0,VZ9M
189,0,AX9
189,0,VI9
189,0,VK9
303,0,AX9W
303,0,AX9Z
303,0,VI9W
303,0,VI9Z
303,0,VK9FW
303,0,VK9W
303,0,VK9Z
303,0,VZ9W
35,0,AX9X
35,0,VI9X
35,0,VK9FX
35,0,VK9KX
35,0,VK9X
35,0,VZ9X
35,1,VK9AFP
12,0,VP2E
96,0,VP2M
65,0,VP2V
89,0,VP5
89,0,VQ5
172,0,VP6
513,1,VP6A
141,0,VP8
235,0,VP0G
241,0,CE9
241,0,XR9
241,1,LZ0A
238,1,LU1WGB/Z
238,1,LU1ZA
240,0,VP0S
64,0,VP9
33,0,VQ9
321,0,VR
324,0,8T
324,0,8U
324,0,8V
324,0,8W
324,0,8X
324,0,8Y
324,0,AT
324,0,AU
324,0,AV
324,0,AW
324,0,VT
324,0,VU
324,0,VV
324,0,VW
11,0,VU4
142,0,VU7
50,0,4A
50,0,4B
50,0,4C
50,0,6D
50,0,6E
50,0,6F
50,0,6G
50,0,6H
50,0,6I
50,0,6J
50,0,XA
50,0,XB
50,0,XC
50,0,XD
50,0,XE
50,0,XF
50,0,XG
50,0,XH
50,0,XI
204,0,4A4
204,0,4B4
204,0,4C4
204,0,6D4
204,0,6E4
204,0,6F4
204,0,6G4
204,0,6H4
204,0,6I4
204,0,6J4
204,0,XA4
204,0,XB4
204,0,XC4
204,0,XD4
204,0,XE4
204,0,XF4
204,0,XG4
204,0,XH4
204,0,XI4
480,0,XT
312,0,XU
143,0,XW
152,0,XX9
309,0,XY
309,0,XZ
3,0,T6
3,0,YA
327,0,7A
327,0,7B
327,0,7C
327,0,7D
327,0,7E
327,0,7F
327,0,7G
327,0,7H
327,0,7I
327,0,8A
327,0,8B
327,0,8C
327,0,8D
327,0,8E
327,0,8F
327,0,8G
327,0,8H
327,0,8I
327,0,PK
327,0,PL
327,0,PM
327,0,PN
327,0,PO
327,0,YB
327,0,YC
327,0,YD
327,0,YE
327,0,YF
327,0,YG
327,0,YH
333,0,HN
333,0,YI
158,0,YJ
384,0,6C
384,0,YK
145,0,YL
86,0,H6
86,0,H7
86,0,HT
86,0,YN
275,0,YO
275,0,YP
275,0,YQ
275,0,YR
74,0,HU
74,0,YS
296,0,YT
296,0,YU
148,0,4M
148,0,YV
148,0,YW
148,0,YX
148,0,YY
17,0,4M0
17,0,YV0
17,0,YW0
17,0,YX0
17,0,YY0
452,0,Z2
502,0,Z3
522,0,Z6
521,0,Z8
7,0,ZA
233,0,ZB
233,0,ZG
283,0,ZC4
250,0,ZD7
205,0,ZD8
274,0,ZD9
69,0,ZF
270,0,ZK3
170,0,ZK
170,0,ZL
170,0,ZL50
170,0,ZM
34,0,ZL7
34,0,ZM7
133,0,ZL8
133,0,ZM8
16,0,ZL9
132,0,ZP
462,0,H5
462,0,S4
462,0,S8
462,0,V9
462,0,ZR
462,0,ZS
462,0,ZT
462,0,ZU
201,0,ZR8
201,0,ZS8
201,0,ZT8
201,0,ZU8
!
! Contains   341 entities
! Contains     0 regions
! Contains  1746 prefixes
! Contains  3769 callsigns
